0 verbose cli C:\Program Files\nodejs\node.exe C:\Program Files\nodejs\node_modules\npm\bin\npm-cli.js
1 info using npm@11.17.0
2 info using node@v24.19.0
3 silly config load:file:C:\Program Files\nodejs\node_modules\npm\npmrc
4 silly config load:file:C:\Valhalla\Repository\stokloka\frontend\landing-page\.npmrc
5 silly config load:file:C:\Users\Akar Inti Teknologi\.npmrc
6 silly config load:file:C:\Users\Akar Inti Teknologi\AppData\Roaming\npm\etc\npmrc
7 verbose title npm ci
8 verbose argv "ci" "--cache" ".npm-cache" "--no-audit" "--no-fund"
9 verbose logfile logs-max:10 dir:C:\Valhalla\Repository\stokloka\frontend\landing-page\.npm-cache\_logs\2026-09-21T03_49_57_289Z-
10 verbose logfile C:\Valhalla\Repository\stokloka\frontend\landing-page\.npm-cache\_logs\2026-09-21T03_49_57_289Z-debug-0.log
11 silly logfile done cleaning log files
12 silly packumentCache heap:4496293888 maxSize:1124073472 maxEntrySize:562036736
13 silly packumentCache heap:4496293888 maxSize:1124073472 maxEntrySize:562036736
14 silly idealTree buildDeps
15 http fetch GET https://registry.npmjs.org/npm attempt 1 failed with EACCES
16 silly reify moves {}
17 http cache zod@https://registry.npmjs.org/zod/-/zod-4.6.2.tgz 1ms (cache hit)
18 http cache yocto-queue@https://registry.npmjs.org/yocto-queue/-/yocto-queue-0.1.0.tgz 0ms (cache hit)
19 http cache yallist@https://registry.npmjs.org/yallist/-/yallist-3.1.1.tgz 0ms (cache hit)
20 http cache which-typed-array@https://registry.npmjs.org/which-typed-array/-/which-typed-array-1.1.22.tgz 0ms (cache hit)
21 http cache which-collection@https://registry.npmjs.org/which-collection/-/which-collection-1.0.2.tgz 0ms (cache hit)
22 http cache which-builtin-type@https://registry.npmjs.org/which-builtin-type/-/which-builtin-type-1.2.1.tgz 0ms (cache hit)
23 http cache uri-js@https://registry.npmjs.org/uri-js/-/uri-js-4.4.1.tgz 0ms (cache hit)
24 http cache word-wrap@https://registry.npmjs.org/word-wrap/-/word-wrap-1.2.5.tgz 0ms (cache hit)
25 http cache zod-validation-error@https://registry.npmjs.org/zod-validation-error/-/zod-validation-error-4.0.2.tgz 0ms (cache hit)
26 http cache which@https://registry.npmjs.org/which/-/which-2.0.2.tgz 0ms (cache hit)
27 http cache update-browserslist-db@https://registry.npmjs.org/update-browserslist-db/-/update-browserslist-db-1.3.3.tgz 0ms (cache hit)
28 http cache unrs-resolver@https://registry.npmjs.org/unrs-resolver/-/unrs-resolver-1.12.2.tgz 0ms (cache hit)
29 http cache undici-types@https://registry.npmjs.org/undici-types/-/undici-types-7.18.2.tgz 0ms (cache hit)
30 http cache unbox-primitive@https://registry.npmjs.org/unbox-primitive/-/unbox-primitive-1.1.0.tgz 0ms (cache hit)
31 http cache typescript@https://registry.npmjs.org/typescript/-/typescript-5.9.3.tgz 0ms (cache hit)
32 http cache typed-array-length@https://registry.npmjs.org/typed-array-length/-/typed-array-length-1.0.8.tgz 0ms (cache hit)
33 http cache which-boxed-primitive@https://registry.npmjs.org/which-boxed-primitive/-/which-boxed-primitive-1.1.1.tgz 0ms (cache hit)
34 http cache typed-array-byte-offset@https://registry.npmjs.org/typed-array-byte-offset/-/typed-array-byte-offset-1.0.4.tgz 0ms (cache hit)
35 http cache typed-array-byte-length@https://registry.npmjs.org/typed-array-byte-length/-/typed-array-byte-length-1.0.3.tgz 0ms (cache hit)
36 http cache typescript-eslint@https://registry.npmjs.org/typescript-eslint/-/typescript-eslint-8.70.0.tgz 0ms (cache hit)
37 http cache type-check@https://registry.npmjs.org/type-check/-/type-check-0.4.0.tgz 0ms (cache hit)
38 http cache tslib@https://registry.npmjs.org/tslib/-/tslib-2.8.1.tgz 0ms (cache hit)
39 http cache tsconfig-paths@https://registry.npmjs.org/tsconfig-paths/-/tsconfig-paths-3.15.0.tgz 0ms (cache hit)
40 http cache to-regex-range@https://registry.npmjs.org/to-regex-range/-/to-regex-range-5.0.1.tgz 0ms (cache hit)
41 http cache typed-array-buffer@https://registry.npmjs.org/typed-array-buffer/-/typed-array-buffer-1.0.3.tgz 0ms (cache hit)
42 http cache tinyglobby@https://registry.npmjs.org/tinyglobby/-/tinyglobby-0.2.17.tgz 0ms (cache hit)
43 http cache tailwindcss@https://registry.npmjs.org/tailwindcss/-/tailwindcss-4.3.3.tgz 0ms (cache hit)
44 http cache tapable@https://registry.npmjs.org/tapable/-/tapable-2.3.3.tgz 1ms (cache hit)
45 http cache ts-api-utils@https://registry.npmjs.org/ts-api-utils/-/ts-api-utils-2.5.0.tgz 0ms (cache hit)
46 http cache supports-preserve-symlinks-flag@https://registry.npmjs.org/supports-preserve-symlinks-flag/-/supports-preserve-symlinks-flag-1.0.0.tgz 0ms (cache hit)
47 http cache tailwind-merge@https://registry.npmjs.org/tailwind-merge/-/tailwind-merge-3.6.0.tgz 0ms (cache hit)
48 http cache supports-color@https://registry.npmjs.org/supports-color/-/supports-color-7.2.0.tgz 0ms (cache hit)
49 http cache styled-jsx@https://registry.npmjs.org/styled-jsx/-/styled-jsx-5.1.6.tgz 0ms (cache hit)
50 http cache strip-json-comments@https://registry.npmjs.org/strip-json-comments/-/strip-json-comments-3.1.1.tgz 0ms (cache hit)
51 http cache strip-bom@https://registry.npmjs.org/strip-bom/-/strip-bom-3.0.0.tgz 0ms (cache hit)
52 http cache string.prototype.trimstart@https://registry.npmjs.org/string.prototype.trimstart/-/string.prototype.trimstart-1.0.8.tgz 0ms (cache hit)
53 http cache string.prototype.trim@https://registry.npmjs.org/string.prototype.trim/-/string.prototype.trim-1.2.11.tgz 0ms (cache hit)
54 http cache string.prototype.repeat@https://registry.npmjs.org/string.prototype.repeat/-/string.prototype.repeat-1.0.0.tgz 0ms (cache hit)
55 http cache string.prototype.trimend@https://registry.npmjs.org/string.prototype.trimend/-/string.prototype.trimend-1.0.10.tgz 0ms (cache hit)
56 http cache string.prototype.matchall@https://registry.npmjs.org/string.prototype.matchall/-/string.prototype.matchall-4.1.0.tgz 0ms (cache hit)
57 http cache string.prototype.includes@https://registry.npmjs.org/string.prototype.includes/-/string.prototype.includes-2.0.1.tgz 0ms (cache hit)
58 http cache stop-iteration-iterator@https://registry.npmjs.org/stop-iteration-iterator/-/stop-iteration-iterator-1.1.0.tgz 0ms (cache hit)
59 http cache stable-hash@https://registry.npmjs.org/stable-hash/-/stable-hash-0.0.5.tgz 0ms (cache hit)
60 http cache source-map-js@https://registry.npmjs.org/source-map-js/-/source-map-js-1.2.1.tgz 0ms (cache hit)
61 http cache side-channel-map@https://registry.npmjs.org/side-channel-map/-/side-channel-map-1.0.1.tgz 0ms (cache hit)
62 http cache side-channel-weakmap@https://registry.npmjs.org/side-channel-weakmap/-/side-channel-weakmap-1.0.2.tgz 0ms (cache hit)
63 http cache side-channel-list@https://registry.npmjs.org/side-channel-list/-/side-channel-list-1.0.1.tgz 0ms (cache hit)
64 http cache side-channel@https://registry.npmjs.org/side-channel/-/side-channel-1.1.1.tgz 0ms (cache hit)
65 http cache shebang-regex@https://registry.npmjs.org/shebang-regex/-/shebang-regex-3.0.0.tgz 0ms (cache hit)
66 http cache shebang-command@https://registry.npmjs.org/shebang-command/-/shebang-command-2.0.0.tgz 0ms (cache hit)
67 http cache set-proto@https://registry.npmjs.org/set-proto/-/set-proto-1.0.0.tgz 1ms (cache hit)
68 http cache sharp@https://registry.npmjs.org/sharp/-/sharp-0.35.4.tgz 0ms (cache hit)
69 http cache set-function-name@https://registry.npmjs.org/set-function-name/-/set-function-name-2.0.2.tgz 0ms (cache hit)
70 http cache set-function-length@https://registry.npmjs.org/set-function-length/-/set-function-length-1.2.2.tgz 0ms (cache hit)
71 http cache semver@https://registry.npmjs.org/semver/-/semver-6.3.1.tgz 0ms (cache hit)
72 http cache scheduler@https://registry.npmjs.org/scheduler/-/scheduler-0.28.0.tgz 0ms (cache hit)
73 http cache safe-regex-test@https://registry.npmjs.org/safe-regex-test/-/safe-regex-test-1.1.0.tgz 0ms (cache hit)
74 http cache safe-push-apply@https://registry.npmjs.org/safe-push-apply/-/safe-push-apply-1.0.0.tgz 0ms (cache hit)
75 http cache run-parallel@https://registry.npmjs.org/run-parallel/-/run-parallel-1.2.0.tgz 0ms (cache hit)
76 http cache safe-array-concat@https://registry.npmjs.org/safe-array-concat/-/safe-array-concat-1.1.4.tgz 0ms (cache hit)
77 http cache resolve-pkg-maps@https://registry.npmjs.org/resolve-pkg-maps/-/resolve-pkg-maps-1.0.0.tgz 0ms (cache hit)
78 http cache reusify@https://registry.npmjs.org/reusify/-/reusify-1.1.0.tgz 0ms (cache hit)
79 http cache resolve-from@https://registry.npmjs.org/resolve-from/-/resolve-from-4.0.0.tgz 0ms (cache hit)
80 http cache resolve@https://registry.npmjs.org/resolve/-/resolve-2.0.0-next.7.tgz 0ms (cache hit)
81 http cache regexp.prototype.flags@https://registry.npmjs.org/regexp.prototype.flags/-/regexp.prototype.flags-1.5.4.tgz 0ms (cache hit)
82 http cache reflect.getprototypeof@https://registry.npmjs.org/reflect.getprototypeof/-/reflect.getprototypeof-1.0.10.tgz 0ms (cache hit)
83 http cache react-is@https://registry.npmjs.org/react-is/-/react-is-16.13.1.tgz 0ms (cache hit)
84 http cache react-dom@https://registry.npmjs.org/react-dom/-/react-dom-19.3.0.tgz 0ms (cache hit)
85 http cache react@https://registry.npmjs.org/react/-/react-19.3.0.tgz 0ms (cache hit)
86 http cache queue-microtask@https://registry.npmjs.org/queue-microtask/-/queue-microtask-1.2.3.tgz 0ms (cache hit)
87 http cache punycode@https://registry.npmjs.org/punycode/-/punycode-2.3.1.tgz 0ms (cache hit)
88 http cache prop-types@https://registry.npmjs.org/prop-types/-/prop-types-15.8.1.tgz 0ms (cache hit)
89 http cache prelude-ls@https://registry.npmjs.org/prelude-ls/-/prelude-ls-1.2.1.tgz 0ms (cache hit)
90 http cache postcss@https://registry.npmjs.org/postcss/-/postcss-8.5.28.tgz 0ms (cache hit)
91 http cache possible-typed-array-names@https://registry.npmjs.org/possible-typed-array-names/-/possible-typed-array-names-1.1.0.tgz 0ms (cache hit)
92 http cache playwright-core@https://registry.npmjs.org/playwright-core/-/playwright-core-1.63.0.tgz 0ms (cache hit)
93 http cache playwright@https://registry.npmjs.org/playwright/-/playwright-1.63.0.tgz 0ms (cache hit)
94 http cache picocolors@https://registry.npmjs.org/picocolors/-/picocolors-1.1.1.tgz 0ms (cache hit)
95 http cache picomatch@https://registry.npmjs.org/picomatch/-/picomatch-2.3.2.tgz 0ms (cache hit)
96 http cache path-key@https://registry.npmjs.org/path-key/-/path-key-3.1.1.tgz 0ms (cache hit)
97 http cache parent-module@https://registry.npmjs.org/parent-module/-/parent-module-1.0.1.tgz 0ms (cache hit)
98 http cache path-exists@https://registry.npmjs.org/path-exists/-/path-exists-4.0.0.tgz 0ms (cache hit)
99 http cache p-locate@https://registry.npmjs.org/p-locate/-/p-locate-5.0.0.tgz 0ms (cache hit)
100 http cache own-keys@https://registry.npmjs.org/own-keys/-/own-keys-1.0.2.tgz 0ms (cache hit)
101 http cache p-limit@https://registry.npmjs.org/p-limit/-/p-limit-3.1.0.tgz 0ms (cache hit)
102 http cache optionator@https://registry.npmjs.org/optionator/-/optionator-0.9.4.tgz 0ms (cache hit)
103 http cache object.values@https://registry.npmjs.org/object.values/-/object.values-1.2.1.tgz 0ms (cache hit)
104 http cache object.groupby@https://registry.npmjs.org/object.groupby/-/object.groupby-1.0.3.tgz 0ms (cache hit)
105 http cache object.fromentries@https://registry.npmjs.org/object.fromentries/-/object.fromentries-2.0.8.tgz 0ms (cache hit)
106 http cache object-keys@https://registry.npmjs.org/object-keys/-/object-keys-1.1.1.tgz 0ms (cache hit)
107 http cache object.assign@https://registry.npmjs.org/object.assign/-/object.assign-4.1.7.tgz 1ms (cache hit)
108 http cache path-parse@https://registry.npmjs.org/path-parse/-/path-parse-1.0.7.tgz 0ms (cache hit)
109 http cache object-inspect@https://registry.npmjs.org/object-inspect/-/object-inspect-1.13.4.tgz 0ms (cache hit)
110 http cache object-assign@https://registry.npmjs.org/object-assign/-/object-assign-4.1.1.tgz 0ms (cache hit)
111 http cache node-exports-info@https://registry.npmjs.org/node-exports-info/-/node-exports-info-1.6.2.tgz 0ms (cache hit)
112 http cache node-releases@https://registry.npmjs.org/node-releases/-/node-releases-2.0.55.tgz 0ms (cache hit)
113 http cache next@https://registry.npmjs.org/next/-/next-16.3.5.tgz 0ms (cache hit)
114 http cache natural-compare@https://registry.npmjs.org/natural-compare/-/natural-compare-1.4.0.tgz 0ms (cache hit)
115 http cache nanoid@https://registry.npmjs.org/nanoid/-/nanoid-3.3.19.tgz 0ms (cache hit)
116 http cache ms@https://registry.npmjs.org/ms/-/ms-2.1.3.tgz 0ms (cache hit)
117 http cache minimatch@https://registry.npmjs.org/minimatch/-/minimatch-3.1.5.tgz 0ms (cache hit)
118 http cache minimist@https://registry.npmjs.org/minimist/-/minimist-1.2.8.tgz 0ms (cache hit)
119 http cache micromatch@https://registry.npmjs.org/micromatch/-/micromatch-4.0.8.tgz 0ms (cache hit)
120 http cache math-intrinsics@https://registry.npmjs.org/math-intrinsics/-/math-intrinsics-1.1.0.tgz 0ms (cache hit)
121 http cache merge2@https://registry.npmjs.org/merge2/-/merge2-1.4.1.tgz 0ms (cache hit)
122 http cache magic-string@https://registry.npmjs.org/magic-string/-/magic-string-0.30.21.tgz 0ms (cache hit)
123 http cache lru-cache@https://registry.npmjs.org/lru-cache/-/lru-cache-5.1.1.tgz 0ms (cache hit)
124 http cache loose-envify@https://registry.npmjs.org/loose-envify/-/loose-envify-1.4.0.tgz 0ms (cache hit)
125 http cache locate-path@https://registry.npmjs.org/locate-path/-/locate-path-6.0.0.tgz 0ms (cache hit)
126 http cache lodash.merge@https://registry.npmjs.org/lodash.merge/-/lodash.merge-4.6.2.tgz 0ms (cache hit)
127 http cache lightningcss@https://registry.npmjs.org/lightningcss/-/lightningcss-1.32.0.tgz 0ms (cache hit)
128 http cache lightningcss-win32-x64-msvc@https://registry.npmjs.org/lightningcss-win32-x64-msvc/-/lightningcss-win32-x64-msvc-1.32.0.tgz 0ms (cache hit)
129 http cache language-tags@https://registry.npmjs.org/language-tags/-/language-tags-1.0.9.tgz 0ms (cache hit)
130 http cache levn@https://registry.npmjs.org/levn/-/levn-0.4.1.tgz 0ms (cache hit)
131 http cache napi-postinstall@https://registry.npmjs.org/napi-postinstall/-/napi-postinstall-0.3.4.tgz 0ms (cache hit)
132 http cache object.entries@https://registry.npmjs.org/object.entries/-/object.entries-1.1.9.tgz 0ms (cache hit)
133 http cache language-subtag-registry@https://registry.npmjs.org/language-subtag-registry/-/language-subtag-registry-0.3.23.tgz 0ms (cache hit)
134 http cache keyv@https://registry.npmjs.org/keyv/-/keyv-4.5.4.tgz 0ms (cache hit)
135 http cache jsx-ast-utils@https://registry.npmjs.org/jsx-ast-utils/-/jsx-ast-utils-3.3.5.tgz 0ms (cache hit)
136 http cache json-stable-stringify-without-jsonify@https://registry.npmjs.org/json-stable-stringify-without-jsonify/-/json-stable-stringify-without-jsonify-1.0.1.tgz 0ms (cache hit)
137 http cache json5@https://registry.npmjs.org/json5/-/json5-2.2.3.tgz 0ms (cache hit)
138 http cache json-schema-traverse@https://registry.npmjs.org/json-schema-traverse/-/json-schema-traverse-0.4.1.tgz 0ms (cache hit)
139 http cache json-buffer@https://registry.npmjs.org/json-buffer/-/json-buffer-3.0.1.tgz 0ms (cache hit)
140 http cache js-yaml@https://registry.npmjs.org/js-yaml/-/js-yaml-4.3.2.tgz 0ms (cache hit)
141 http cache jiti@https://registry.npmjs.org/jiti/-/jiti-2.7.0.tgz 0ms (cache hit)
142 http cache jsesc@https://registry.npmjs.org/jsesc/-/jsesc-3.1.0.tgz 0ms (cache hit)
143 http cache iterator.prototype@https://registry.npmjs.org/iterator.prototype/-/iterator.prototype-1.1.5.tgz 0ms (cache hit)
144 http cache isexe@https://registry.npmjs.org/isexe/-/isexe-2.0.0.tgz 0ms (cache hit)
145 http cache js-tokens@https://registry.npmjs.org/js-tokens/-/js-tokens-4.0.0.tgz 0ms (cache hit)
146 http cache is-weakmap@https://registry.npmjs.org/is-weakmap/-/is-weakmap-2.0.2.tgz 0ms (cache hit)
147 http cache is-weakref@https://registry.npmjs.org/is-weakref/-/is-weakref-1.1.1.tgz 0ms (cache hit)
148 http cache isarray@https://registry.npmjs.org/isarray/-/isarray-2.0.5.tgz 0ms (cache hit)
149 http cache is-weakset@https://registry.npmjs.org/is-weakset/-/is-weakset-2.0.4.tgz 0ms (cache hit)
150 http cache is-symbol@https://registry.npmjs.org/is-symbol/-/is-symbol-1.1.1.tgz 0ms (cache hit)
151 http cache is-set@https://registry.npmjs.org/is-set/-/is-set-2.0.3.tgz 0ms (cache hit)
152 http cache is-shared-array-buffer@https://registry.npmjs.org/is-shared-array-buffer/-/is-shared-array-buffer-1.0.4.tgz 0ms (cache hit)
153 http cache is-regex@https://registry.npmjs.org/is-regex/-/is-regex-1.2.1.tgz 0ms (cache hit)
154 http cache is-number@https://registry.npmjs.org/is-number/-/is-number-7.0.0.tgz 0ms (cache hit)
155 http cache is-number-object@https://registry.npmjs.org/is-number-object/-/is-number-object-1.1.1.tgz 0ms (cache hit)
156 http cache is-map@https://registry.npmjs.org/is-map/-/is-map-2.0.3.tgz 0ms (cache hit)
157 http cache is-negative-zero@https://registry.npmjs.org/is-negative-zero/-/is-negative-zero-2.0.3.tgz 0ms (cache hit)
158 http cache is-generator-function@https://registry.npmjs.org/is-generator-function/-/is-generator-function-1.1.2.tgz 0ms (cache hit)
159 http cache is-finalizationregistry@https://registry.npmjs.org/is-finalizationregistry/-/is-finalizationregistry-1.1.1.tgz 0ms (cache hit)
160 http cache is-extglob@https://registry.npmjs.org/is-extglob/-/is-extglob-2.1.1.tgz 0ms (cache hit)
161 http cache is-date-object@https://registry.npmjs.org/is-date-object/-/is-date-object-1.1.0.tgz 0ms (cache hit)
162 http cache is-string@https://registry.npmjs.org/is-string/-/is-string-1.1.1.tgz 0ms (cache hit)
163 http cache is-glob@https://registry.npmjs.org/is-glob/-/is-glob-4.0.3.tgz 0ms (cache hit)
164 http cache is-core-module@https://registry.npmjs.org/is-core-module/-/is-core-module-2.16.2.tgz 0ms (cache hit)
165 http cache is-document.all@https://registry.npmjs.org/is-document.all/-/is-document.all-1.0.0.tgz 0ms (cache hit)
166 http cache is-typed-array@https://registry.npmjs.org/is-typed-array/-/is-typed-array-1.1.15.tgz 0ms (cache hit)
167 http cache is-data-view@https://registry.npmjs.org/is-data-view/-/is-data-view-1.0.2.tgz 0ms (cache hit)
168 http cache is-callable@https://registry.npmjs.org/is-callable/-/is-callable-1.2.7.tgz 0ms (cache hit)
169 http cache is-bun-module@https://registry.npmjs.org/is-bun-module/-/is-bun-module-2.0.0.tgz 0ms (cache hit)
170 http cache is-bigint@https://registry.npmjs.org/is-bigint/-/is-bigint-1.1.0.tgz 0ms (cache hit)
171 http cache is-boolean-object@https://registry.npmjs.org/is-boolean-object/-/is-boolean-object-1.2.2.tgz 0ms (cache hit)
172 http cache is-array-buffer@https://registry.npmjs.org/is-array-buffer/-/is-array-buffer-3.0.5.tgz 0ms (cache hit)
173 http cache is-async-function@https://registry.npmjs.org/is-async-function/-/is-async-function-2.1.1.tgz 0ms (cache hit)
174 http cache internal-slot@https://registry.npmjs.org/internal-slot/-/internal-slot-1.1.0.tgz 0ms (cache hit)
175 http cache imurmurhash@https://registry.npmjs.org/imurmurhash/-/imurmurhash-0.1.4.tgz 0ms (cache hit)
176 http cache import-fresh@https://registry.npmjs.org/import-fresh/-/import-fresh-3.3.1.tgz 0ms (cache hit)
177 http cache ignore@https://registry.npmjs.org/ignore/-/ignore-5.3.2.tgz 0ms (cache hit)
178 http cache hermes-parser@https://registry.npmjs.org/hermes-parser/-/hermes-parser-0.25.1.tgz 0ms (cache hit)
179 http cache hermes-estree@https://registry.npmjs.org/hermes-estree/-/hermes-estree-0.25.1.tgz 0ms (cache hit)
180 http cache hasown@https://registry.npmjs.org/hasown/-/hasown-2.0.4.tgz 0ms (cache hit)
181 http cache has-tostringtag@https://registry.npmjs.org/has-tostringtag/-/has-tostringtag-1.0.2.tgz 0ms (cache hit)
182 http cache has-proto@https://registry.npmjs.org/has-proto/-/has-proto-1.2.0.tgz 0ms (cache hit)
183 http cache has-property-descriptors@https://registry.npmjs.org/has-property-descriptors/-/has-property-descriptors-1.0.2.tgz 0ms (cache hit)
184 http cache has-symbols@https://registry.npmjs.org/has-symbols/-/has-symbols-1.1.0.tgz 0ms (cache hit)
185 http cache graceful-fs@https://registry.npmjs.org/graceful-fs/-/graceful-fs-4.2.11.tgz 0ms (cache hit)
186 http cache has-flag@https://registry.npmjs.org/has-flag/-/has-flag-4.0.0.tgz 0ms (cache hit)
187 http cache gopd@https://registry.npmjs.org/gopd/-/gopd-1.2.0.tgz 0ms (cache hit)
188 http cache has-bigints@https://registry.npmjs.org/has-bigints/-/has-bigints-1.1.0.tgz 0ms (cache hit)
189 http cache globalthis@https://registry.npmjs.org/globalthis/-/globalthis-1.0.4.tgz 0ms (cache hit)
190 http cache globals@https://registry.npmjs.org/globals/-/globals-14.0.0.tgz 0ms (cache hit)
191 http cache glob-parent@https://registry.npmjs.org/glob-parent/-/glob-parent-6.0.2.tgz 0ms (cache hit)
192 http cache get-tsconfig@https://registry.npmjs.org/get-tsconfig/-/get-tsconfig-4.14.3.tgz 0ms (cache hit)
193 http cache get-proto@https://registry.npmjs.org/get-proto/-/get-proto-1.0.1.tgz 0ms (cache hit)
194 http cache get-symbol-description@https://registry.npmjs.org/get-symbol-description/-/get-symbol-description-1.1.0.tgz 0ms (cache hit)
195 http cache generator-function@https://registry.npmjs.org/generator-function/-/generator-function-2.0.1.tgz 0ms (cache hit)
196 http cache get-intrinsic@https://registry.npmjs.org/get-intrinsic/-/get-intrinsic-1.3.0.tgz 0ms (cache hit)
197 http cache functions-have-names@https://registry.npmjs.org/functions-have-names/-/functions-have-names-1.2.3.tgz 0ms (cache hit)
198 http cache function-bind@https://registry.npmjs.org/function-bind/-/function-bind-1.1.2.tgz 0ms (cache hit)
199 http cache gensync@https://registry.npmjs.org/gensync/-/gensync-1.0.0-beta.2.tgz 0ms (cache hit)
200 http cache for-each@https://registry.npmjs.org/for-each/-/for-each-0.3.5.tgz 0ms (cache hit)
201 http cache flatted@https://registry.npmjs.org/flatted/-/flatted-3.4.4.tgz 0ms (cache hit)
202 http cache find-up@https://registry.npmjs.org/find-up/-/find-up-5.0.0.tgz 0ms (cache hit)
203 http cache flat-cache@https://registry.npmjs.org/flat-cache/-/flat-cache-4.0.1.tgz 0ms (cache hit)
204 http cache fill-range@https://registry.npmjs.org/fill-range/-/fill-range-7.1.1.tgz 0ms (cache hit)
205 http cache file-entry-cache@https://registry.npmjs.org/file-entry-cache/-/file-entry-cache-8.0.0.tgz 0ms (cache hit)
206 http cache fastq@https://registry.npmjs.org/fastq/-/fastq-1.20.3.tgz 0ms (cache hit)
207 http cache function.prototype.name@https://registry.npmjs.org/function.prototype.name/-/function.prototype.name-1.2.0.tgz 0ms (cache hit)
208 http cache fast-levenshtein@https://registry.npmjs.org/fast-levenshtein/-/fast-levenshtein-2.0.6.tgz 0ms (cache hit)
209 http cache fast-glob@https://registry.npmjs.org/fast-glob/-/fast-glob-3.3.1.tgz 0ms (cache hit)
210 http cache fast-deep-equal@https://registry.npmjs.org/fast-deep-equal/-/fast-deep-equal-3.1.3.tgz 0ms (cache hit)
211 http cache fast-json-stable-stringify@https://registry.npmjs.org/fast-json-stable-stringify/-/fast-json-stable-stringify-2.1.0.tgz 1ms (cache hit)
212 http cache esutils@https://registry.npmjs.org/esutils/-/esutils-2.0.3.tgz 0ms (cache hit)
213 http cache estraverse@https://registry.npmjs.org/estraverse/-/estraverse-5.3.0.tgz 0ms (cache hit)
214 http cache esquery@https://registry.npmjs.org/esquery/-/esquery-1.7.0.tgz 0ms (cache hit)
215 http cache eslint-visitor-keys@https://registry.npmjs.org/eslint-visitor-keys/-/eslint-visitor-keys-4.2.1.tgz 0ms (cache hit)
216 http cache eslint-plugin-jsx-a11y@https://registry.npmjs.org/eslint-plugin-jsx-a11y/-/eslint-plugin-jsx-a11y-6.10.2.tgz 0ms (cache hit)
217 http cache eslint-scope@https://registry.npmjs.org/eslint-scope/-/eslint-scope-8.4.0.tgz 0ms (cache hit)
218 http cache eslint-plugin-react-hooks@https://registry.npmjs.org/eslint-plugin-react-hooks/-/eslint-plugin-react-hooks-7.1.1.tgz 0ms (cache hit)
219 http cache eslint-plugin-react@https://registry.npmjs.org/eslint-plugin-react/-/eslint-plugin-react-7.37.5.tgz 0ms (cache hit)
220 http cache eslint-plugin-import@https://registry.npmjs.org/eslint-plugin-import/-/eslint-plugin-import-2.32.0.tgz 0ms (cache hit)
221 http cache eslint-module-utils@https://registry.npmjs.org/eslint-module-utils/-/eslint-module-utils-2.14.0.tgz 0ms (cache hit)
222 http cache eslint-import-resolver-typescript@https://registry.npmjs.org/eslint-import-resolver-typescript/-/eslint-import-resolver-typescript-3.10.1.tgz 0ms (cache hit)
223 http cache eslint-import-resolver-node@https://registry.npmjs.org/eslint-import-resolver-node/-/eslint-import-resolver-node-0.3.10.tgz 0ms (cache hit)
224 http cache eslint-config-next@https://registry.npmjs.org/eslint-config-next/-/eslint-config-next-16.3.5.tgz 0ms (cache hit)
225 http cache es-to-primitive@https://registry.npmjs.org/es-to-primitive/-/es-to-primitive-1.3.4.tgz 0ms (cache hit)
226 http cache eslint@https://registry.npmjs.org/eslint/-/eslint-9.39.5.tgz 0ms (cache hit)
227 http cache es-shim-unscopables@https://registry.npmjs.org/es-shim-unscopables/-/es-shim-unscopables-1.1.0.tgz 0ms (cache hit)
228 http cache escalade@https://registry.npmjs.org/escalade/-/escalade-3.2.0.tgz 0ms (cache hit)
229 http cache es-iterator-helpers@https://registry.npmjs.org/es-iterator-helpers/-/es-iterator-helpers-1.4.0.tgz 0ms (cache hit)
230 http cache es-object-atoms@https://registry.npmjs.org/es-object-atoms/-/es-object-atoms-1.1.2.tgz 0ms (cache hit)
231 http cache escape-string-regexp@https://registry.npmjs.org/escape-string-regexp/-/escape-string-regexp-4.0.0.tgz 0ms (cache hit)
232 http cache es-errors@https://registry.npmjs.org/es-errors/-/es-errors-1.3.0.tgz 0ms (cache hit)
233 http cache es-set-tostringtag@https://registry.npmjs.org/es-set-tostringtag/-/es-set-tostringtag-2.1.0.tgz 0ms (cache hit)
234 http cache es-abstract@https://registry.npmjs.org/es-abstract/-/es-abstract-1.24.2.tgz 0ms (cache hit)
235 http cache es-abstract-get@https://registry.npmjs.org/es-abstract-get/-/es-abstract-get-1.0.0.tgz 0ms (cache hit)
236 http cache es-define-property@https://registry.npmjs.org/es-define-property/-/es-define-property-1.0.1.tgz 0ms (cache hit)
237 http cache enhanced-resolve@https://registry.npmjs.org/enhanced-resolve/-/enhanced-resolve-5.25.0.tgz 0ms (cache hit)
238 http cache electron-to-chromium@https://registry.npmjs.org/electron-to-chromium/-/electron-to-chromium-1.5.427.tgz 0ms (cache hit)
239 http cache dunder-proto@https://registry.npmjs.org/dunder-proto/-/dunder-proto-1.0.1.tgz 0ms (cache hit)
240 http cache doctrine@https://registry.npmjs.org/doctrine/-/doctrine-2.1.0.tgz 0ms (cache hit)
241 http cache deep-is@https://registry.npmjs.org/deep-is/-/deep-is-0.1.4.tgz 0ms (cache hit)
242 http cache define-data-property@https://registry.npmjs.org/define-data-property/-/define-data-property-1.1.4.tgz 0ms (cache hit)
243 http cache detect-libc@https://registry.npmjs.org/detect-libc/-/detect-libc-2.1.2.tgz 0ms (cache hit)
244 http cache define-properties@https://registry.npmjs.org/define-properties/-/define-properties-1.2.1.tgz 0ms (cache hit)
245 http cache debug@https://registry.npmjs.org/debug/-/debug-4.4.3.tgz 0ms (cache hit)
246 http cache damerau-levenshtein@https://registry.npmjs.org/damerau-levenshtein/-/damerau-levenshtein-1.0.8.tgz 0ms (cache hit)
247 http cache emoji-regex@https://registry.npmjs.org/emoji-regex/-/emoji-regex-9.2.2.tgz 0ms (cache hit)
248 http cache data-view-buffer@https://registry.npmjs.org/data-view-buffer/-/data-view-buffer-1.0.2.tgz 0ms (cache hit)
249 http cache data-view-byte-offset@https://registry.npmjs.org/data-view-byte-offset/-/data-view-byte-offset-1.0.1.tgz 0ms (cache hit)
250 http cache data-view-byte-length@https://registry.npmjs.org/data-view-byte-length/-/data-view-byte-length-1.0.2.tgz 0ms (cache hit)
251 http cache csstype@https://registry.npmjs.org/csstype/-/csstype-3.2.3.tgz 0ms (cache hit)
252 http cache convert-source-map@https://registry.npmjs.org/convert-source-map/-/convert-source-map-2.0.0.tgz 0ms (cache hit)
253 http cache cross-spawn@https://registry.npmjs.org/cross-spawn/-/cross-spawn-7.0.6.tgz 0ms (cache hit)
254 http cache concat-map@https://registry.npmjs.org/concat-map/-/concat-map-0.0.1.tgz 0ms (cache hit)
255 http cache color-name@https://registry.npmjs.org/color-name/-/color-name-1.1.4.tgz 0ms (cache hit)
256 http cache clsx@https://registry.npmjs.org/clsx/-/clsx-2.1.1.tgz 0ms (cache hit)
257 http cache color-convert@https://registry.npmjs.org/color-convert/-/color-convert-2.0.1.tgz 0ms (cache hit)
258 http cache client-only@https://registry.npmjs.org/client-only/-/client-only-0.0.1.tgz 0ms (cache hit)
259 http cache callsites@https://registry.npmjs.org/callsites/-/callsites-3.1.0.tgz 0ms (cache hit)
260 http cache caniuse-lite@https://registry.npmjs.org/caniuse-lite/-/caniuse-lite-1.0.30001810.tgz 0ms (cache hit)
261 http cache chalk@https://registry.npmjs.org/chalk/-/chalk-4.1.2.tgz 0ms (cache hit)
262 http cache call-bound@https://registry.npmjs.org/call-bound/-/call-bound-1.0.4.tgz 0ms (cache hit)
263 http cache call-bind-apply-helpers@https://registry.npmjs.org/call-bind-apply-helpers/-/call-bind-apply-helpers-1.0.2.tgz 0ms (cache hit)
264 http cache browserslist@https://registry.npmjs.org/browserslist/-/browserslist-4.28.9.tgz 0ms (cache hit)
265 http cache braces@https://registry.npmjs.org/braces/-/braces-3.0.3.tgz 0ms (cache hit)
266 http cache call-bind@https://registry.npmjs.org/call-bind/-/call-bind-1.0.9.tgz 0ms (cache hit)
267 http cache brace-expansion@https://registry.npmjs.org/brace-expansion/-/brace-expansion-1.1.18.tgz 0ms (cache hit)
268 http cache baseline-browser-mapping@https://registry.npmjs.org/baseline-browser-mapping/-/baseline-browser-mapping-2.11.23.tgz 0ms (cache hit)
269 http cache axobject-query@https://registry.npmjs.org/axobject-query/-/axobject-query-4.1.0.tgz 0ms (cache hit)
270 http cache balanced-match@https://registry.npmjs.org/balanced-match/-/balanced-match-1.0.2.tgz 0ms (cache hit)
271 http cache axe-core@https://registry.npmjs.org/axe-core/-/axe-core-4.13.0.tgz 0ms (cache hit)
272 http cache available-typed-arrays@https://registry.npmjs.org/available-typed-arrays/-/available-typed-arrays-1.0.7.tgz 1ms (cache hit)
273 http cache async-function@https://registry.npmjs.org/async-function/-/async-function-1.0.0.tgz 0ms (cache hit)
274 http cache espree@https://registry.npmjs.org/espree/-/espree-10.4.0.tgz 0ms (cache hit)
275 http cache esrecurse@https://registry.npmjs.org/esrecurse/-/esrecurse-4.3.0.tgz 0ms (cache hit)
276 http cache arraybuffer.prototype.slice@https://registry.npmjs.org/arraybuffer.prototype.slice/-/arraybuffer.prototype.slice-1.0.4.tgz 0ms (cache hit)
277 http cache ast-types-flow@https://registry.npmjs.org/ast-types-flow/-/ast-types-flow-0.0.8.tgz 0ms (cache hit)
278 http cache array.prototype.tosorted@https://registry.npmjs.org/array.prototype.tosorted/-/array.prototype.tosorted-1.1.4.tgz 0ms (cache hit)
279 http cache array.prototype.findlastindex@https://registry.npmjs.org/array.prototype.findlastindex/-/array.prototype.findlastindex-1.2.6.tgz 0ms (cache hit)
280 http cache array.prototype.flat@https://registry.npmjs.org/array.prototype.flat/-/array.prototype.flat-1.3.3.tgz 0ms (cache hit)
281 http cache array.prototype.flatmap@https://registry.npmjs.org/array.prototype.flatmap/-/array.prototype.flatmap-1.3.3.tgz 0ms (cache hit)
282 http cache array.prototype.findlast@https://registry.npmjs.org/array.prototype.findlast/-/array.prototype.findlast-1.2.5.tgz 0ms (cache hit)
283 http cache array-buffer-byte-length@https://registry.npmjs.org/array-buffer-byte-length/-/array-buffer-byte-length-1.0.2.tgz 0ms (cache hit)
284 http cache aria-query@https://registry.npmjs.org/aria-query/-/aria-query-5.3.2.tgz 0ms (cache hit)
285 http cache array-includes@https://registry.npmjs.org/array-includes/-/array-includes-3.2.0.tgz 0ms (cache hit)
286 http cache argparse@https://registry.npmjs.org/argparse/-/argparse-2.0.1.tgz 0ms (cache hit)
287 http cache ansi-styles@https://registry.npmjs.org/ansi-styles/-/ansi-styles-4.3.0.tgz 0ms (cache hit)
288 http cache ajv@https://registry.npmjs.org/ajv/-/ajv-6.15.0.tgz 0ms (cache hit)
289 http cache acorn-jsx@https://registry.npmjs.org/acorn-jsx/-/acorn-jsx-5.3.2.tgz 0ms (cache hit)
290 http cache acorn@https://registry.npmjs.org/acorn/-/acorn-8.18.0.tgz 0ms (cache hit)
291 http cache @unrs/resolver-binding-win32-x64-msvc@https://registry.npmjs.org/@unrs/resolver-binding-win32-x64-msvc/-/resolver-binding-win32-x64-msvc-1.12.2.tgz 1ms (cache hit)
292 http cache @typescript-eslint/visitor-keys@https://registry.npmjs.org/@typescript-eslint/visitor-keys/-/visitor-keys-8.70.0.tgz 0ms (cache hit)
293 http cache @typescript-eslint/utils@https://registry.npmjs.org/@typescript-eslint/utils/-/utils-8.70.0.tgz 0ms (cache hit)
294 http cache @typescript-eslint/typescript-estree@https://registry.npmjs.org/@typescript-eslint/typescript-estree/-/typescript-estree-8.70.0.tgz 0ms (cache hit)
295 http cache @typescript-eslint/types@https://registry.npmjs.org/@typescript-eslint/types/-/types-8.70.0.tgz 0ms (cache hit)
296 http cache @typescript-eslint/type-utils@https://registry.npmjs.org/@typescript-eslint/type-utils/-/type-utils-8.70.0.tgz 0ms (cache hit)
297 http cache @typescript-eslint/project-service@https://registry.npmjs.org/@typescript-eslint/project-service/-/project-service-8.70.0.tgz 0ms (cache hit)
298 http cache @typescript-eslint/tsconfig-utils@https://registry.npmjs.org/@typescript-eslint/tsconfig-utils/-/tsconfig-utils-8.70.0.tgz 0ms (cache hit)
299 http cache @typescript-eslint/parser@https://registry.npmjs.org/@typescript-eslint/parser/-/parser-8.70.0.tgz 0ms (cache hit)
300 http cache @typescript-eslint/eslint-plugin@https://registry.npmjs.org/@typescript-eslint/eslint-plugin/-/eslint-plugin-8.70.0.tgz 0ms (cache hit)
301 http cache @types/node@https://registry.npmjs.org/@types/node/-/node-24.13.4.tgz 0ms (cache hit)
302 http cache @types/react-dom@https://registry.npmjs.org/@types/react-dom/-/react-dom-19.3.0.tgz 0ms (cache hit)
303 http cache @types/react@https://registry.npmjs.org/@types/react/-/react-19.3.0.tgz 0ms (cache hit)
304 http cache @types/json5@https://registry.npmjs.org/@types/json5/-/json5-0.0.29.tgz 0ms (cache hit)
305 http cache @tailwindcss/oxide-win32-x64-msvc@https://registry.npmjs.org/@tailwindcss/oxide-win32-x64-msvc/-/oxide-win32-x64-msvc-4.3.3.tgz 0ms (cache hit)
306 http cache @types/json-schema@https://registry.npmjs.org/@types/json-schema/-/json-schema-7.0.15.tgz 0ms (cache hit)
307 http cache @types/estree@https://registry.npmjs.org/@types/estree/-/estree-1.0.9.tgz 0ms (cache hit)
308 http cache @tailwindcss/postcss@https://registry.npmjs.org/@tailwindcss/postcss/-/postcss-4.3.3.tgz 0ms (cache hit)
309 http cache @tailwindcss/oxide@https://registry.npmjs.org/@tailwindcss/oxide/-/oxide-4.3.3.tgz 0ms (cache hit)
310 http cache @rtsao/scc@https://registry.npmjs.org/@rtsao/scc/-/scc-1.1.0.tgz 0ms (cache hit)
311 http cache @playwright/test@https://registry.npmjs.org/@playwright/test/-/test-1.63.0.tgz 0ms (cache hit)
312 http cache @nolyfill/is-core-module@https://registry.npmjs.org/@nolyfill/is-core-module/-/is-core-module-1.0.39.tgz 0ms (cache hit)
313 http cache @tailwindcss/node@https://registry.npmjs.org/@tailwindcss/node/-/node-4.3.3.tgz 0ms (cache hit)
314 http cache @swc/helpers@https://registry.npmjs.org/@swc/helpers/-/helpers-0.5.23.tgz 0ms (cache hit)
315 http cache @typescript-eslint/scope-manager@https://registry.npmjs.org/@typescript-eslint/scope-manager/-/scope-manager-8.70.0.tgz 0ms (cache hit)
316 http cache @nodelib/fs.walk@https://registry.npmjs.org/@nodelib/fs.walk/-/fs.walk-1.2.8.tgz 0ms (cache hit)
317 http cache @jridgewell/trace-mapping@https://registry.npmjs.org/@jridgewell/trace-mapping/-/trace-mapping-0.3.31.tgz 0ms (cache hit)
318 http cache @nodelib/fs.stat@https://registry.npmjs.org/@nodelib/fs.stat/-/fs.stat-2.0.5.tgz 0ms (cache hit)
319 http cache @jridgewell/sourcemap-codec@https://registry.npmjs.org/@jridgewell/sourcemap-codec/-/sourcemap-codec-1.6.0.tgz 0ms (cache hit)
320 http cache @nodelib/fs.scandir@https://registry.npmjs.org/@nodelib/fs.scandir/-/fs.scandir-2.1.5.tgz 0ms (cache hit)
321 http cache @jridgewell/resolve-uri@https://registry.npmjs.org/@jridgewell/resolve-uri/-/resolve-uri-3.1.2.tgz 0ms (cache hit)
322 http cache @jridgewell/remapping@https://registry.npmjs.org/@jridgewell/remapping/-/remapping-2.3.5.tgz 0ms (cache hit)
323 http cache @jridgewell/gen-mapping@https://registry.npmjs.org/@jridgewell/gen-mapping/-/gen-mapping-0.3.13.tgz 0ms (cache hit)
324 http cache @next/eslint-plugin-next@https://registry.npmjs.org/@next/eslint-plugin-next/-/eslint-plugin-next-16.3.5.tgz 0ms (cache hit)
325 http cache @img/sharp-win32-x64@https://registry.npmjs.org/@img/sharp-win32-x64/-/sharp-win32-x64-0.35.4.tgz 0ms (cache hit)
326 http cache @next/swc-win32-x64-msvc@https://registry.npmjs.org/@next/swc-win32-x64-msvc/-/swc-win32-x64-msvc-16.3.5.tgz 0ms (cache hit)
327 http cache @next/env@https://registry.npmjs.org/@next/env/-/env-16.3.5.tgz 0ms (cache hit)
328 http cache @img/colour@https://registry.npmjs.org/@img/colour/-/colour-1.1.0.tgz 0ms (cache hit)
329 http cache @humanwhocodes/retry@https://registry.npmjs.org/@humanwhocodes/retry/-/retry-0.4.3.tgz 0ms (cache hit)
330 http cache @humanfs/node@https://registry.npmjs.org/@humanfs/node/-/node-0.16.8.tgz 0ms (cache hit)
331 http cache @humanfs/types@https://registry.npmjs.org/@humanfs/types/-/types-0.15.0.tgz 0ms (cache hit)
332 http cache @humanwhocodes/module-importer@https://registry.npmjs.org/@humanwhocodes/module-importer/-/module-importer-1.0.1.tgz 0ms (cache hit)
333 http cache @humanfs/core@https://registry.npmjs.org/@humanfs/core/-/core-0.19.2.tgz 0ms (cache hit)
334 http cache @eslint/plugin-kit@https://registry.npmjs.org/@eslint/plugin-kit/-/plugin-kit-0.4.1.tgz 0ms (cache hit)
335 http cache @eslint/js@https://registry.npmjs.org/@eslint/js/-/js-9.39.5.tgz 0ms (cache hit)
336 http cache @eslint/eslintrc@https://registry.npmjs.org/@eslint/eslintrc/-/eslintrc-3.3.7.tgz 0ms (cache hit)
337 http cache @eslint/core@https://registry.npmjs.org/@eslint/core/-/core-0.17.0.tgz 0ms (cache hit)
338 http cache @eslint-community/regexpp@https://registry.npmjs.org/@eslint-community/regexpp/-/regexpp-4.12.2.tgz 0ms (cache hit)
339 http cache @eslint/config-helpers@https://registry.npmjs.org/@eslint/config-helpers/-/config-helpers-0.4.2.tgz 0ms (cache hit)
340 http cache @eslint/object-schema@https://registry.npmjs.org/@eslint/object-schema/-/object-schema-2.1.7.tgz 0ms (cache hit)
341 http cache @eslint-community/eslint-utils@https://registry.npmjs.org/@eslint-community/eslint-utils/-/eslint-utils-4.10.1.tgz 0ms (cache hit)
342 http cache @eslint/config-array@https://registry.npmjs.org/@eslint/config-array/-/config-array-0.21.2.tgz 0ms (cache hit)
343 http cache @babel/types@https://registry.npmjs.org/@babel/types/-/types-7.29.8.tgz 0ms (cache hit)
344 http cache @babel/traverse@https://registry.npmjs.org/@babel/traverse/-/traverse-7.29.8.tgz 0ms (cache hit)
345 http cache @babel/parser@https://registry.npmjs.org/@babel/parser/-/parser-7.29.8.tgz 0ms (cache hit)
346 http cache @babel/template@https://registry.npmjs.org/@babel/template/-/template-7.29.7.tgz 0ms (cache hit)
347 http cache @babel/helper-validator-option@https://registry.npmjs.org/@babel/helper-validator-option/-/helper-validator-option-7.29.7.tgz 0ms (cache hit)
348 http cache @babel/helpers@https://registry.npmjs.org/@babel/helpers/-/helpers-7.29.7.tgz 0ms (cache hit)
349 http cache @babel/helper-validator-identifier@https://registry.npmjs.org/@babel/helper-validator-identifier/-/helper-validator-identifier-7.29.7.tgz 0ms (cache hit)
350 http cache @babel/helper-string-parser@https://registry.npmjs.org/@babel/helper-string-parser/-/helper-string-parser-7.29.7.tgz 0ms (cache hit)
351 http cache @babel/helper-module-imports@https://registry.npmjs.org/@babel/helper-module-imports/-/helper-module-imports-7.29.7.tgz 0ms (cache hit)
352 http cache @babel/helper-globals@https://registry.npmjs.org/@babel/helper-globals/-/helper-globals-7.29.7.tgz 1ms (cache hit)
353 http cache @babel/helper-compilation-targets@https://registry.npmjs.org/@babel/helper-compilation-targets/-/helper-compilation-targets-7.29.7.tgz 0ms (cache hit)
354 http cache @babel/helper-module-transforms@https://registry.npmjs.org/@babel/helper-module-transforms/-/helper-module-transforms-7.29.7.tgz 0ms (cache hit)
355 http cache @babel/generator@https://registry.npmjs.org/@babel/generator/-/generator-7.29.8.tgz 0ms (cache hit)
356 http cache @babel/compat-data@https://registry.npmjs.org/@babel/compat-data/-/compat-data-7.29.7.tgz 0ms (cache hit)
357 http cache @babel/code-frame@https://registry.npmjs.org/@babel/code-frame/-/code-frame-7.29.7.tgz 0ms (cache hit)
358 http cache json5@https://registry.npmjs.org/json5/-/json5-1.0.2.tgz 0ms (cache hit)
359 http cache @alloc/quick-lru@https://registry.npmjs.org/@alloc/quick-lru/-/quick-lru-5.3.0.tgz 0ms (cache hit)
360 http cache semver@https://registry.npmjs.org/semver/-/semver-7.8.5.tgz 0ms (cache hit)
361 http cache picomatch@https://registry.npmjs.org/picomatch/-/picomatch-4.0.7.tgz 0ms (cache hit)
362 http cache fdir@https://registry.npmjs.org/fdir/-/fdir-6.5.0.tgz 0ms (cache hit)
363 http cache postcss@https://registry.npmjs.org/postcss/-/postcss-8.5.23.tgz 0ms (cache hit)
364 http cache semver@https://registry.npmjs.org/semver/-/semver-7.8.5.tgz 0ms (cache hit)
365 http cache glob-parent@https://registry.npmjs.org/glob-parent/-/glob-parent-5.1.2.tgz 0ms (cache hit)
366 http cache debug@https://registry.npmjs.org/debug/-/debug-3.2.7.tgz 0ms (cache hit)
367 http cache debug@https://registry.npmjs.org/debug/-/debug-3.2.7.tgz 0ms (cache hit)
368 http cache debug@https://registry.npmjs.org/debug/-/debug-3.2.7.tgz 0ms (cache hit)
369 http cache eslint-visitor-keys@https://registry.npmjs.org/eslint-visitor-keys/-/eslint-visitor-keys-5.0.1.tgz 0ms (cache hit)
370 http cache globals@https://registry.npmjs.org/globals/-/globals-16.4.0.tgz 0ms (cache hit)
371 http cache semver@https://registry.npmjs.org/semver/-/semver-7.8.5.tgz 0ms (cache hit)
372 http cache @babel/core@https://registry.npmjs.org/@babel/core/-/core-7.29.7.tgz 0ms (cache hit)
373 http cache minimatch@https://registry.npmjs.org/minimatch/-/minimatch-10.2.6.tgz 0ms (cache hit)
374 http cache brace-expansion@https://registry.npmjs.org/brace-expansion/-/brace-expansion-5.0.9.tgz 0ms (cache hit)
375 http cache ignore@https://registry.npmjs.org/ignore/-/ignore-7.0.9.tgz 0ms (cache hit)
376 http cache balanced-match@https://registry.npmjs.org/balanced-match/-/balanced-match-4.0.4.tgz 0ms (cache hit)
377 http cache @eslint-community/eslint-utils@https://registry.npmjs.org/@eslint-community/eslint-utils/-/eslint-utils-4.9.1.tgz 0ms (cache hit)
378 silly tarball no local data for zod@https://registry.npmjs.org/zod/-/zod-4.6.2.tgz. Extracting by manifest.
379 http cache eslint-visitor-keys@https://registry.npmjs.org/eslint-visitor-keys/-/eslint-visitor-keys-3.4.3.tgz 0ms (cache hit)
380 silly tarball no local data for yocto-queue@https://registry.npmjs.org/yocto-queue/-/yocto-queue-0.1.0.tgz. Extracting by manifest.
381 http cache eslint-visitor-keys@https://registry.npmjs.org/eslint-visitor-keys/-/eslint-visitor-keys-3.4.3.tgz 0ms (cache hit)
382 silly tarball no local data for yallist@https://registry.npmjs.org/yallist/-/yallist-3.1.1.tgz. Extracting by manifest.
383 silly tarball no local data for which-typed-array@https://registry.npmjs.org/which-typed-array/-/which-typed-array-1.1.22.tgz. Extracting by manifest.
384 silly tarball no local data for which-collection@https://registry.npmjs.org/which-collection/-/which-collection-1.0.2.tgz. Extracting by manifest.
385 silly tarball no local data for which-builtin-type@https://registry.npmjs.org/which-builtin-type/-/which-builtin-type-1.2.1.tgz. Extracting by manifest.
386 silly tarball no local data for uri-js@https://registry.npmjs.org/uri-js/-/uri-js-4.4.1.tgz. Extracting by manifest.
387 silly tarball no local data for word-wrap@https://registry.npmjs.org/word-wrap/-/word-wrap-1.2.5.tgz. Extracting by manifest.
388 silly tarball no local data for zod-validation-error@https://registry.npmjs.org/zod-validation-error/-/zod-validation-error-4.0.2.tgz. Extracting by manifest.
389 silly tarball no local data for which@https://registry.npmjs.org/which/-/which-2.0.2.tgz. Extracting by manifest.
390 silly tarball no local data for update-browserslist-db@https://registry.npmjs.org/update-browserslist-db/-/update-browserslist-db-1.3.3.tgz. Extracting by manifest.
391 silly tarball no local data for unrs-resolver@https://registry.npmjs.org/unrs-resolver/-/unrs-resolver-1.12.2.tgz. Extracting by manifest.
392 silly tarball no local data for undici-types@https://registry.npmjs.org/undici-types/-/undici-types-7.18.2.tgz. Extracting by manifest.
393 silly tarball no local data for unbox-primitive@https://registry.npmjs.org/unbox-primitive/-/unbox-primitive-1.1.0.tgz. Extracting by manifest.
394 silly tarball no local data for typescript@https://registry.npmjs.org/typescript/-/typescript-5.9.3.tgz. Extracting by manifest.
395 silly tarball no local data for typed-array-length@https://registry.npmjs.org/typed-array-length/-/typed-array-length-1.0.8.tgz. Extracting by manifest.
396 silly tarball no local data for which-boxed-primitive@https://registry.npmjs.org/which-boxed-primitive/-/which-boxed-primitive-1.1.1.tgz. Extracting by manifest.
397 silly tarball no local data for typed-array-byte-offset@https://registry.npmjs.org/typed-array-byte-offset/-/typed-array-byte-offset-1.0.4.tgz. Extracting by manifest.
398 silly tarball no local data for typed-array-byte-length@https://registry.npmjs.org/typed-array-byte-length/-/typed-array-byte-length-1.0.3.tgz. Extracting by manifest.
399 silly tarball no local data for typescript-eslint@https://registry.npmjs.org/typescript-eslint/-/typescript-eslint-8.70.0.tgz. Extracting by manifest.
400 silly tarball no local data for type-check@https://registry.npmjs.org/type-check/-/type-check-0.4.0.tgz. Extracting by manifest.
401 silly tarball no local data for tslib@https://registry.npmjs.org/tslib/-/tslib-2.8.1.tgz. Extracting by manifest.
402 silly tarball no local data for tsconfig-paths@https://registry.npmjs.org/tsconfig-paths/-/tsconfig-paths-3.15.0.tgz. Extracting by manifest.
403 silly tarball no local data for to-regex-range@https://registry.npmjs.org/to-regex-range/-/to-regex-range-5.0.1.tgz. Extracting by manifest.
404 silly tarball no local data for typed-array-buffer@https://registry.npmjs.org/typed-array-buffer/-/typed-array-buffer-1.0.3.tgz. Extracting by manifest.
405 silly tarball no local data for tinyglobby@https://registry.npmjs.org/tinyglobby/-/tinyglobby-0.2.17.tgz. Extracting by manifest.
406 silly tarball no local data for tailwindcss@https://registry.npmjs.org/tailwindcss/-/tailwindcss-4.3.3.tgz. Extracting by manifest.
407 silly tarball no local data for tapable@https://registry.npmjs.org/tapable/-/tapable-2.3.3.tgz. Extracting by manifest.
408 silly tarball no local data for ts-api-utils@https://registry.npmjs.org/ts-api-utils/-/ts-api-utils-2.5.0.tgz. Extracting by manifest.
409 silly tarball no local data for supports-preserve-symlinks-flag@https://registry.npmjs.org/supports-preserve-symlinks-flag/-/supports-preserve-symlinks-flag-1.0.0.tgz. Extracting by manifest.
410 silly tarball no local data for tailwind-merge@https://registry.npmjs.org/tailwind-merge/-/tailwind-merge-3.6.0.tgz. Extracting by manifest.
411 silly tarball no local data for supports-color@https://registry.npmjs.org/supports-color/-/supports-color-7.2.0.tgz. Extracting by manifest.
412 silly tarball no local data for styled-jsx@https://registry.npmjs.org/styled-jsx/-/styled-jsx-5.1.6.tgz. Extracting by manifest.
413 silly tarball no local data for strip-json-comments@https://registry.npmjs.org/strip-json-comments/-/strip-json-comments-3.1.1.tgz. Extracting by manifest.
414 silly tarball no local data for strip-bom@https://registry.npmjs.org/strip-bom/-/strip-bom-3.0.0.tgz. Extracting by manifest.
415 silly tarball no local data for string.prototype.trimstart@https://registry.npmjs.org/string.prototype.trimstart/-/string.prototype.trimstart-1.0.8.tgz. Extracting by manifest.
416 silly tarball no local data for string.prototype.trim@https://registry.npmjs.org/string.prototype.trim/-/string.prototype.trim-1.2.11.tgz. Extracting by manifest.
417 silly tarball no local data for string.prototype.repeat@https://registry.npmjs.org/string.prototype.repeat/-/string.prototype.repeat-1.0.0.tgz. Extracting by manifest.
418 silly tarball no local data for string.prototype.trimend@https://registry.npmjs.org/string.prototype.trimend/-/string.prototype.trimend-1.0.10.tgz. Extracting by manifest.
419 silly tarball no local data for string.prototype.matchall@https://registry.npmjs.org/string.prototype.matchall/-/string.prototype.matchall-4.1.0.tgz. Extracting by manifest.
420 silly tarball no local data for string.prototype.includes@https://registry.npmjs.org/string.prototype.includes/-/string.prototype.includes-2.0.1.tgz. Extracting by manifest.
421 silly tarball no local data for stop-iteration-iterator@https://registry.npmjs.org/stop-iteration-iterator/-/stop-iteration-iterator-1.1.0.tgz. Extracting by manifest.
422 silly tarball no local data for stable-hash@https://registry.npmjs.org/stable-hash/-/stable-hash-0.0.5.tgz. Extracting by manifest.
423 silly tarball no local data for source-map-js@https://registry.npmjs.org/source-map-js/-/source-map-js-1.2.1.tgz. Extracting by manifest.
424 silly tarball no local data for side-channel-map@https://registry.npmjs.org/side-channel-map/-/side-channel-map-1.0.1.tgz. Extracting by manifest.
425 silly tarball no local data for side-channel-weakmap@https://registry.npmjs.org/side-channel-weakmap/-/side-channel-weakmap-1.0.2.tgz. Extracting by manifest.
426 silly tarball no local data for side-channel-list@https://registry.npmjs.org/side-channel-list/-/side-channel-list-1.0.1.tgz. Extracting by manifest.
427 silly tarball no local data for side-channel@https://registry.npmjs.org/side-channel/-/side-channel-1.1.1.tgz. Extracting by manifest.
428 silly tarball no local data for shebang-regex@https://registry.npmjs.org/shebang-regex/-/shebang-regex-3.0.0.tgz. Extracting by manifest.
429 silly tarball no local data for shebang-command@https://registry.npmjs.org/shebang-command/-/shebang-command-2.0.0.tgz. Extracting by manifest.
430 silly tarball no local data for set-proto@https://registry.npmjs.org/set-proto/-/set-proto-1.0.0.tgz. Extracting by manifest.
431 silly tarball no local data for sharp@https://registry.npmjs.org/sharp/-/sharp-0.35.4.tgz. Extracting by manifest.
432 silly tarball no local data for set-function-name@https://registry.npmjs.org/set-function-name/-/set-function-name-2.0.2.tgz. Extracting by manifest.
433 silly tarball no local data for set-function-length@https://registry.npmjs.org/set-function-length/-/set-function-length-1.2.2.tgz. Extracting by manifest.
434 silly tarball no local data for semver@https://registry.npmjs.org/semver/-/semver-6.3.1.tgz. Extracting by manifest.
435 silly tarball no local data for scheduler@https://registry.npmjs.org/scheduler/-/scheduler-0.28.0.tgz. Extracting by manifest.
436 silly tarball no local data for safe-regex-test@https://registry.npmjs.org/safe-regex-test/-/safe-regex-test-1.1.0.tgz. Extracting by manifest.
437 silly tarball no local data for safe-push-apply@https://registry.npmjs.org/safe-push-apply/-/safe-push-apply-1.0.0.tgz. Extracting by manifest.
438 silly tarball no local data for run-parallel@https://registry.npmjs.org/run-parallel/-/run-parallel-1.2.0.tgz. Extracting by manifest.
439 silly tarball no local data for safe-array-concat@https://registry.npmjs.org/safe-array-concat/-/safe-array-concat-1.1.4.tgz. Extracting by manifest.
440 silly tarball no local data for resolve-pkg-maps@https://registry.npmjs.org/resolve-pkg-maps/-/resolve-pkg-maps-1.0.0.tgz. Extracting by manifest.
441 silly tarball no local data for reusify@https://registry.npmjs.org/reusify/-/reusify-1.1.0.tgz. Extracting by manifest.
442 silly tarball no local data for resolve-from@https://registry.npmjs.org/resolve-from/-/resolve-from-4.0.0.tgz. Extracting by manifest.
443 silly tarball no local data for resolve@https://registry.npmjs.org/resolve/-/resolve-2.0.0-next.7.tgz. Extracting by manifest.
444 silly tarball no local data for regexp.prototype.flags@https://registry.npmjs.org/regexp.prototype.flags/-/regexp.prototype.flags-1.5.4.tgz. Extracting by manifest.
445 silly tarball no local data for reflect.getprototypeof@https://registry.npmjs.org/reflect.getprototypeof/-/reflect.getprototypeof-1.0.10.tgz. Extracting by manifest.
446 silly tarball no local data for react-is@https://registry.npmjs.org/react-is/-/react-is-16.13.1.tgz. Extracting by manifest.
447 silly tarball no local data for react-dom@https://registry.npmjs.org/react-dom/-/react-dom-19.3.0.tgz. Extracting by manifest.
448 silly tarball no local data for react@https://registry.npmjs.org/react/-/react-19.3.0.tgz. Extracting by manifest.
449 silly tarball no local data for queue-microtask@https://registry.npmjs.org/queue-microtask/-/queue-microtask-1.2.3.tgz. Extracting by manifest.
450 silly tarball no local data for punycode@https://registry.npmjs.org/punycode/-/punycode-2.3.1.tgz. Extracting by manifest.
451 silly tarball no local data for prop-types@https://registry.npmjs.org/prop-types/-/prop-types-15.8.1.tgz. Extracting by manifest.
452 silly tarball no local data for prelude-ls@https://registry.npmjs.org/prelude-ls/-/prelude-ls-1.2.1.tgz. Extracting by manifest.
453 silly tarball no local data for postcss@https://registry.npmjs.org/postcss/-/postcss-8.5.28.tgz. Extracting by manifest.
454 silly tarball no local data for possible-typed-array-names@https://registry.npmjs.org/possible-typed-array-names/-/possible-typed-array-names-1.1.0.tgz. Extracting by manifest.
455 silly tarball no local data for playwright-core@https://registry.npmjs.org/playwright-core/-/playwright-core-1.63.0.tgz. Extracting by manifest.
456 silly tarball no local data for playwright@https://registry.npmjs.org/playwright/-/playwright-1.63.0.tgz. Extracting by manifest.
457 silly tarball no local data for picocolors@https://registry.npmjs.org/picocolors/-/picocolors-1.1.1.tgz. Extracting by manifest.
458 silly tarball no local data for picomatch@https://registry.npmjs.org/picomatch/-/picomatch-2.3.2.tgz. Extracting by manifest.
459 silly tarball no local data for path-key@https://registry.npmjs.org/path-key/-/path-key-3.1.1.tgz. Extracting by manifest.
460 silly tarball no local data for parent-module@https://registry.npmjs.org/parent-module/-/parent-module-1.0.1.tgz. Extracting by manifest.
461 silly tarball no local data for path-exists@https://registry.npmjs.org/path-exists/-/path-exists-4.0.0.tgz. Extracting by manifest.
462 silly tarball no local data for p-locate@https://registry.npmjs.org/p-locate/-/p-locate-5.0.0.tgz. Extracting by manifest.
463 silly tarball no local data for own-keys@https://registry.npmjs.org/own-keys/-/own-keys-1.0.2.tgz. Extracting by manifest.
464 silly tarball no local data for p-limit@https://registry.npmjs.org/p-limit/-/p-limit-3.1.0.tgz. Extracting by manifest.
465 silly tarball no local data for optionator@https://registry.npmjs.org/optionator/-/optionator-0.9.4.tgz. Extracting by manifest.
466 silly tarball no local data for object.values@https://registry.npmjs.org/object.values/-/object.values-1.2.1.tgz. Extracting by manifest.
467 silly tarball no local data for object.groupby@https://registry.npmjs.org/object.groupby/-/object.groupby-1.0.3.tgz. Extracting by manifest.
468 silly tarball no local data for object.fromentries@https://registry.npmjs.org/object.fromentries/-/object.fromentries-2.0.8.tgz. Extracting by manifest.
469 silly tarball no local data for object-keys@https://registry.npmjs.org/object-keys/-/object-keys-1.1.1.tgz. Extracting by manifest.
470 silly tarball no local data for object.assign@https://registry.npmjs.org/object.assign/-/object.assign-4.1.7.tgz. Extracting by manifest.
471 silly tarball no local data for path-parse@https://registry.npmjs.org/path-parse/-/path-parse-1.0.7.tgz. Extracting by manifest.
472 silly tarball no local data for object-inspect@https://registry.npmjs.org/object-inspect/-/object-inspect-1.13.4.tgz. Extracting by manifest.
473 silly tarball no local data for object-assign@https://registry.npmjs.org/object-assign/-/object-assign-4.1.1.tgz. Extracting by manifest.
474 silly tarball no local data for node-exports-info@https://registry.npmjs.org/node-exports-info/-/node-exports-info-1.6.2.tgz. Extracting by manifest.
475 silly tarball no local data for node-releases@https://registry.npmjs.org/node-releases/-/node-releases-2.0.55.tgz. Extracting by manifest.
476 silly tarball no local data for next@https://registry.npmjs.org/next/-/next-16.3.5.tgz. Extracting by manifest.
477 silly tarball no local data for natural-compare@https://registry.npmjs.org/natural-compare/-/natural-compare-1.4.0.tgz. Extracting by manifest.
478 silly tarball no local data for nanoid@https://registry.npmjs.org/nanoid/-/nanoid-3.3.19.tgz. Extracting by manifest.
479 silly tarball no local data for ms@https://registry.npmjs.org/ms/-/ms-2.1.3.tgz. Extracting by manifest.
480 silly tarball no local data for minimatch@https://registry.npmjs.org/minimatch/-/minimatch-3.1.5.tgz. Extracting by manifest.
481 silly tarball no local data for minimist@https://registry.npmjs.org/minimist/-/minimist-1.2.8.tgz. Extracting by manifest.
482 silly tarball no local data for micromatch@https://registry.npmjs.org/micromatch/-/micromatch-4.0.8.tgz. Extracting by manifest.
483 silly tarball no local data for math-intrinsics@https://registry.npmjs.org/math-intrinsics/-/math-intrinsics-1.1.0.tgz. Extracting by manifest.
484 silly tarball no local data for merge2@https://registry.npmjs.org/merge2/-/merge2-1.4.1.tgz. Extracting by manifest.
485 silly tarball no local data for magic-string@https://registry.npmjs.org/magic-string/-/magic-string-0.30.21.tgz. Extracting by manifest.
486 silly tarball no local data for lru-cache@https://registry.npmjs.org/lru-cache/-/lru-cache-5.1.1.tgz. Extracting by manifest.
487 silly tarball no local data for loose-envify@https://registry.npmjs.org/loose-envify/-/loose-envify-1.4.0.tgz. Extracting by manifest.
488 silly tarball no local data for locate-path@https://registry.npmjs.org/locate-path/-/locate-path-6.0.0.tgz. Extracting by manifest.
489 silly tarball no local data for lodash.merge@https://registry.npmjs.org/lodash.merge/-/lodash.merge-4.6.2.tgz. Extracting by manifest.
490 silly tarball no local data for lightningcss@https://registry.npmjs.org/lightningcss/-/lightningcss-1.32.0.tgz. Extracting by manifest.
491 silly tarball no local data for lightningcss-win32-x64-msvc@https://registry.npmjs.org/lightningcss-win32-x64-msvc/-/lightningcss-win32-x64-msvc-1.32.0.tgz. Extracting by manifest.
492 silly tarball no local data for language-tags@https://registry.npmjs.org/language-tags/-/language-tags-1.0.9.tgz. Extracting by manifest.
493 silly tarball no local data for levn@https://registry.npmjs.org/levn/-/levn-0.4.1.tgz. Extracting by manifest.
494 silly tarball no local data for napi-postinstall@https://registry.npmjs.org/napi-postinstall/-/napi-postinstall-0.3.4.tgz. Extracting by manifest.
495 silly tarball no local data for object.entries@https://registry.npmjs.org/object.entries/-/object.entries-1.1.9.tgz. Extracting by manifest.
496 silly tarball no local data for language-subtag-registry@https://registry.npmjs.org/language-subtag-registry/-/language-subtag-registry-0.3.23.tgz. Extracting by manifest.
497 silly tarball no local data for keyv@https://registry.npmjs.org/keyv/-/keyv-4.5.4.tgz. Extracting by manifest.
498 silly tarball no local data for jsx-ast-utils@https://registry.npmjs.org/jsx-ast-utils/-/jsx-ast-utils-3.3.5.tgz. Extracting by manifest.
499 silly tarball no local data for json-stable-stringify-without-jsonify@https://registry.npmjs.org/json-stable-stringify-without-jsonify/-/json-stable-stringify-without-jsonify-1.0.1.tgz. Extracting by manifest.
500 silly tarball no local data for json5@https://registry.npmjs.org/json5/-/json5-2.2.3.tgz. Extracting by manifest.
501 silly tarball no local data for json-schema-traverse@https://registry.npmjs.org/json-schema-traverse/-/json-schema-traverse-0.4.1.tgz. Extracting by manifest.
502 silly tarball no local data for json-buffer@https://registry.npmjs.org/json-buffer/-/json-buffer-3.0.1.tgz. Extracting by manifest.
503 silly tarball no local data for js-yaml@https://registry.npmjs.org/js-yaml/-/js-yaml-4.3.2.tgz. Extracting by manifest.
504 silly tarball no local data for jiti@https://registry.npmjs.org/jiti/-/jiti-2.7.0.tgz. Extracting by manifest.
505 silly tarball no local data for jsesc@https://registry.npmjs.org/jsesc/-/jsesc-3.1.0.tgz. Extracting by manifest.
506 silly tarball no local data for iterator.prototype@https://registry.npmjs.org/iterator.prototype/-/iterator.prototype-1.1.5.tgz. Extracting by manifest.
507 silly tarball no local data for isexe@https://registry.npmjs.org/isexe/-/isexe-2.0.0.tgz. Extracting by manifest.
508 silly tarball no local data for js-tokens@https://registry.npmjs.org/js-tokens/-/js-tokens-4.0.0.tgz. Extracting by manifest.
509 silly tarball no local data for is-weakmap@https://registry.npmjs.org/is-weakmap/-/is-weakmap-2.0.2.tgz. Extracting by manifest.
510 silly tarball no local data for is-weakref@https://registry.npmjs.org/is-weakref/-/is-weakref-1.1.1.tgz. Extracting by manifest.
511 silly tarball no local data for isarray@https://registry.npmjs.org/isarray/-/isarray-2.0.5.tgz. Extracting by manifest.
512 silly tarball no local data for is-weakset@https://registry.npmjs.org/is-weakset/-/is-weakset-2.0.4.tgz. Extracting by manifest.
513 silly tarball no local data for is-symbol@https://registry.npmjs.org/is-symbol/-/is-symbol-1.1.1.tgz. Extracting by manifest.
514 silly tarball no local data for is-set@https://registry.npmjs.org/is-set/-/is-set-2.0.3.tgz. Extracting by manifest.
515 silly tarball no local data for is-shared-array-buffer@https://registry.npmjs.org/is-shared-array-buffer/-/is-shared-array-buffer-1.0.4.tgz. Extracting by manifest.
516 silly tarball no local data for is-regex@https://registry.npmjs.org/is-regex/-/is-regex-1.2.1.tgz. Extracting by manifest.
517 silly tarball no local data for is-number@https://registry.npmjs.org/is-number/-/is-number-7.0.0.tgz. Extracting by manifest.
518 silly tarball no local data for is-number-object@https://registry.npmjs.org/is-number-object/-/is-number-object-1.1.1.tgz. Extracting by manifest.
519 silly tarball no local data for is-map@https://registry.npmjs.org/is-map/-/is-map-2.0.3.tgz. Extracting by manifest.
520 silly tarball no local data for is-negative-zero@https://registry.npmjs.org/is-negative-zero/-/is-negative-zero-2.0.3.tgz. Extracting by manifest.
521 silly tarball no local data for is-generator-function@https://registry.npmjs.org/is-generator-function/-/is-generator-function-1.1.2.tgz. Extracting by manifest.
522 silly tarball no local data for is-finalizationregistry@https://registry.npmjs.org/is-finalizationregistry/-/is-finalizationregistry-1.1.1.tgz. Extracting by manifest.
523 silly tarball no local data for is-extglob@https://registry.npmjs.org/is-extglob/-/is-extglob-2.1.1.tgz. Extracting by manifest.
524 silly tarball no local data for is-date-object@https://registry.npmjs.org/is-date-object/-/is-date-object-1.1.0.tgz. Extracting by manifest.
525 silly tarball no local data for is-string@https://registry.npmjs.org/is-string/-/is-string-1.1.1.tgz. Extracting by manifest.
526 silly tarball no local data for is-glob@https://registry.npmjs.org/is-glob/-/is-glob-4.0.3.tgz. Extracting by manifest.
527 silly tarball no local data for is-core-module@https://registry.npmjs.org/is-core-module/-/is-core-module-2.16.2.tgz. Extracting by manifest.
528 silly tarball no local data for is-document.all@https://registry.npmjs.org/is-document.all/-/is-document.all-1.0.0.tgz. Extracting by manifest.
529 silly tarball no local data for is-typed-array@https://registry.npmjs.org/is-typed-array/-/is-typed-array-1.1.15.tgz. Extracting by manifest.
530 silly tarball no local data for is-data-view@https://registry.npmjs.org/is-data-view/-/is-data-view-1.0.2.tgz. Extracting by manifest.
531 silly tarball no local data for is-callable@https://registry.npmjs.org/is-callable/-/is-callable-1.2.7.tgz. Extracting by manifest.
532 silly tarball no local data for is-bun-module@https://registry.npmjs.org/is-bun-module/-/is-bun-module-2.0.0.tgz. Extracting by manifest.
533 silly tarball no local data for is-bigint@https://registry.npmjs.org/is-bigint/-/is-bigint-1.1.0.tgz. Extracting by manifest.
534 silly tarball no local data for is-boolean-object@https://registry.npmjs.org/is-boolean-object/-/is-boolean-object-1.2.2.tgz. Extracting by manifest.
535 silly tarball no local data for is-array-buffer@https://registry.npmjs.org/is-array-buffer/-/is-array-buffer-3.0.5.tgz. Extracting by manifest.
536 silly tarball no local data for is-async-function@https://registry.npmjs.org/is-async-function/-/is-async-function-2.1.1.tgz. Extracting by manifest.
537 silly tarball no local data for internal-slot@https://registry.npmjs.org/internal-slot/-/internal-slot-1.1.0.tgz. Extracting by manifest.
538 silly tarball no local data for imurmurhash@https://registry.npmjs.org/imurmurhash/-/imurmurhash-0.1.4.tgz. Extracting by manifest.
539 silly tarball no local data for import-fresh@https://registry.npmjs.org/import-fresh/-/import-fresh-3.3.1.tgz. Extracting by manifest.
540 silly tarball no local data for ignore@https://registry.npmjs.org/ignore/-/ignore-5.3.2.tgz. Extracting by manifest.
541 silly tarball no local data for hermes-parser@https://registry.npmjs.org/hermes-parser/-/hermes-parser-0.25.1.tgz. Extracting by manifest.
542 silly tarball no local data for hermes-estree@https://registry.npmjs.org/hermes-estree/-/hermes-estree-0.25.1.tgz. Extracting by manifest.
543 silly tarball no local data for hasown@https://registry.npmjs.org/hasown/-/hasown-2.0.4.tgz. Extracting by manifest.
544 silly tarball no local data for has-tostringtag@https://registry.npmjs.org/has-tostringtag/-/has-tostringtag-1.0.2.tgz. Extracting by manifest.
545 silly tarball no local data for has-proto@https://registry.npmjs.org/has-proto/-/has-proto-1.2.0.tgz. Extracting by manifest.
546 silly tarball no local data for has-property-descriptors@https://registry.npmjs.org/has-property-descriptors/-/has-property-descriptors-1.0.2.tgz. Extracting by manifest.
547 silly tarball no local data for has-symbols@https://registry.npmjs.org/has-symbols/-/has-symbols-1.1.0.tgz. Extracting by manifest.
548 silly tarball no local data for graceful-fs@https://registry.npmjs.org/graceful-fs/-/graceful-fs-4.2.11.tgz. Extracting by manifest.
549 silly tarball no local data for has-flag@https://registry.npmjs.org/has-flag/-/has-flag-4.0.0.tgz. Extracting by manifest.
550 silly tarball no local data for gopd@https://registry.npmjs.org/gopd/-/gopd-1.2.0.tgz. Extracting by manifest.
551 silly tarball no local data for has-bigints@https://registry.npmjs.org/has-bigints/-/has-bigints-1.1.0.tgz. Extracting by manifest.
552 silly tarball no local data for globalthis@https://registry.npmjs.org/globalthis/-/globalthis-1.0.4.tgz. Extracting by manifest.
553 silly tarball no local data for globals@https://registry.npmjs.org/globals/-/globals-14.0.0.tgz. Extracting by manifest.
554 silly tarball no local data for glob-parent@https://registry.npmjs.org/glob-parent/-/glob-parent-6.0.2.tgz. Extracting by manifest.
555 silly tarball no local data for get-tsconfig@https://registry.npmjs.org/get-tsconfig/-/get-tsconfig-4.14.3.tgz. Extracting by manifest.
556 silly tarball no local data for get-proto@https://registry.npmjs.org/get-proto/-/get-proto-1.0.1.tgz. Extracting by manifest.
557 silly tarball no local data for get-symbol-description@https://registry.npmjs.org/get-symbol-description/-/get-symbol-description-1.1.0.tgz. Extracting by manifest.
558 silly tarball no local data for generator-function@https://registry.npmjs.org/generator-function/-/generator-function-2.0.1.tgz. Extracting by manifest.
559 silly tarball no local data for get-intrinsic@https://registry.npmjs.org/get-intrinsic/-/get-intrinsic-1.3.0.tgz. Extracting by manifest.
560 silly tarball no local data for functions-have-names@https://registry.npmjs.org/functions-have-names/-/functions-have-names-1.2.3.tgz. Extracting by manifest.
561 silly tarball no local data for function-bind@https://registry.npmjs.org/function-bind/-/function-bind-1.1.2.tgz. Extracting by manifest.
562 silly tarball no local data for gensync@https://registry.npmjs.org/gensync/-/gensync-1.0.0-beta.2.tgz. Extracting by manifest.
563 silly tarball no local data for for-each@https://registry.npmjs.org/for-each/-/for-each-0.3.5.tgz. Extracting by manifest.
564 silly tarball no local data for flatted@https://registry.npmjs.org/flatted/-/flatted-3.4.4.tgz. Extracting by manifest.
565 silly tarball no local data for find-up@https://registry.npmjs.org/find-up/-/find-up-5.0.0.tgz. Extracting by manifest.
566 silly tarball no local data for flat-cache@https://registry.npmjs.org/flat-cache/-/flat-cache-4.0.1.tgz. Extracting by manifest.
567 silly tarball no local data for file-entry-cache@https://registry.npmjs.org/file-entry-cache/-/file-entry-cache-8.0.0.tgz. Extracting by manifest.
568 silly tarball no local data for fill-range@https://registry.npmjs.org/fill-range/-/fill-range-7.1.1.tgz. Extracting by manifest.
569 silly tarball no local data for fastq@https://registry.npmjs.org/fastq/-/fastq-1.20.3.tgz. Extracting by manifest.
570 silly tarball no local data for function.prototype.name@https://registry.npmjs.org/function.prototype.name/-/function.prototype.name-1.2.0.tgz. Extracting by manifest.
571 silly tarball no local data for fast-levenshtein@https://registry.npmjs.org/fast-levenshtein/-/fast-levenshtein-2.0.6.tgz. Extracting by manifest.
572 silly tarball no local data for fast-glob@https://registry.npmjs.org/fast-glob/-/fast-glob-3.3.1.tgz. Extracting by manifest.
573 silly tarball no local data for fast-deep-equal@https://registry.npmjs.org/fast-deep-equal/-/fast-deep-equal-3.1.3.tgz. Extracting by manifest.
574 silly tarball no local data for fast-json-stable-stringify@https://registry.npmjs.org/fast-json-stable-stringify/-/fast-json-stable-stringify-2.1.0.tgz. Extracting by manifest.
575 silly tarball no local data for esutils@https://registry.npmjs.org/esutils/-/esutils-2.0.3.tgz. Extracting by manifest.
576 silly tarball no local data for estraverse@https://registry.npmjs.org/estraverse/-/estraverse-5.3.0.tgz. Extracting by manifest.
577 silly tarball no local data for esquery@https://registry.npmjs.org/esquery/-/esquery-1.7.0.tgz. Extracting by manifest.
578 silly tarball no local data for eslint-visitor-keys@https://registry.npmjs.org/eslint-visitor-keys/-/eslint-visitor-keys-4.2.1.tgz. Extracting by manifest.
579 silly tarball no local data for eslint-plugin-jsx-a11y@https://registry.npmjs.org/eslint-plugin-jsx-a11y/-/eslint-plugin-jsx-a11y-6.10.2.tgz. Extracting by manifest.
580 silly tarball no local data for eslint-scope@https://registry.npmjs.org/eslint-scope/-/eslint-scope-8.4.0.tgz. Extracting by manifest.
581 silly tarball no local data for eslint-plugin-react-hooks@https://registry.npmjs.org/eslint-plugin-react-hooks/-/eslint-plugin-react-hooks-7.1.1.tgz. Extracting by manifest.
582 silly tarball no local data for eslint-plugin-react@https://registry.npmjs.org/eslint-plugin-react/-/eslint-plugin-react-7.37.5.tgz. Extracting by manifest.
583 silly tarball no local data for eslint-plugin-import@https://registry.npmjs.org/eslint-plugin-import/-/eslint-plugin-import-2.32.0.tgz. Extracting by manifest.
584 silly tarball no local data for eslint-module-utils@https://registry.npmjs.org/eslint-module-utils/-/eslint-module-utils-2.14.0.tgz. Extracting by manifest.
585 silly tarball no local data for eslint-import-resolver-typescript@https://registry.npmjs.org/eslint-import-resolver-typescript/-/eslint-import-resolver-typescript-3.10.1.tgz. Extracting by manifest.
586 silly tarball no local data for eslint-import-resolver-node@https://registry.npmjs.org/eslint-import-resolver-node/-/eslint-import-resolver-node-0.3.10.tgz. Extracting by manifest.
587 silly tarball no local data for eslint-config-next@https://registry.npmjs.org/eslint-config-next/-/eslint-config-next-16.3.5.tgz. Extracting by manifest.
588 silly tarball no local data for es-to-primitive@https://registry.npmjs.org/es-to-primitive/-/es-to-primitive-1.3.4.tgz. Extracting by manifest.
589 silly tarball no local data for eslint@https://registry.npmjs.org/eslint/-/eslint-9.39.5.tgz. Extracting by manifest.
590 silly tarball no local data for es-shim-unscopables@https://registry.npmjs.org/es-shim-unscopables/-/es-shim-unscopables-1.1.0.tgz. Extracting by manifest.
591 silly tarball no local data for escalade@https://registry.npmjs.org/escalade/-/escalade-3.2.0.tgz. Extracting by manifest.
592 silly tarball no local data for es-iterator-helpers@https://registry.npmjs.org/es-iterator-helpers/-/es-iterator-helpers-1.4.0.tgz. Extracting by manifest.
593 silly tarball no local data for es-object-atoms@https://registry.npmjs.org/es-object-atoms/-/es-object-atoms-1.1.2.tgz. Extracting by manifest.
594 silly tarball no local data for escape-string-regexp@https://registry.npmjs.org/escape-string-regexp/-/escape-string-regexp-4.0.0.tgz. Extracting by manifest.
595 silly tarball no local data for es-errors@https://registry.npmjs.org/es-errors/-/es-errors-1.3.0.tgz. Extracting by manifest.
596 silly tarball no local data for es-set-tostringtag@https://registry.npmjs.org/es-set-tostringtag/-/es-set-tostringtag-2.1.0.tgz. Extracting by manifest.
597 silly tarball no local data for es-abstract@https://registry.npmjs.org/es-abstract/-/es-abstract-1.24.2.tgz. Extracting by manifest.
598 silly tarball no local data for es-abstract-get@https://registry.npmjs.org/es-abstract-get/-/es-abstract-get-1.0.0.tgz. Extracting by manifest.
599 silly tarball no local data for es-define-property@https://registry.npmjs.org/es-define-property/-/es-define-property-1.0.1.tgz. Extracting by manifest.
600 silly tarball no local data for enhanced-resolve@https://registry.npmjs.org/enhanced-resolve/-/enhanced-resolve-5.25.0.tgz. Extracting by manifest.
601 silly tarball no local data for electron-to-chromium@https://registry.npmjs.org/electron-to-chromium/-/electron-to-chromium-1.5.427.tgz. Extracting by manifest.
602 silly tarball no local data for dunder-proto@https://registry.npmjs.org/dunder-proto/-/dunder-proto-1.0.1.tgz. Extracting by manifest.
603 silly tarball no local data for doctrine@https://registry.npmjs.org/doctrine/-/doctrine-2.1.0.tgz. Extracting by manifest.
604 silly tarball no local data for deep-is@https://registry.npmjs.org/deep-is/-/deep-is-0.1.4.tgz. Extracting by manifest.
605 silly tarball no local data for define-data-property@https://registry.npmjs.org/define-data-property/-/define-data-property-1.1.4.tgz. Extracting by manifest.
606 silly tarball no local data for detect-libc@https://registry.npmjs.org/detect-libc/-/detect-libc-2.1.2.tgz. Extracting by manifest.
607 silly tarball no local data for define-properties@https://registry.npmjs.org/define-properties/-/define-properties-1.2.1.tgz. Extracting by manifest.
608 silly tarball no local data for debug@https://registry.npmjs.org/debug/-/debug-4.4.3.tgz. Extracting by manifest.
609 silly tarball no local data for damerau-levenshtein@https://registry.npmjs.org/damerau-levenshtein/-/damerau-levenshtein-1.0.8.tgz. Extracting by manifest.
610 silly tarball no local data for emoji-regex@https://registry.npmjs.org/emoji-regex/-/emoji-regex-9.2.2.tgz. Extracting by manifest.
611 silly tarball no local data for data-view-buffer@https://registry.npmjs.org/data-view-buffer/-/data-view-buffer-1.0.2.tgz. Extracting by manifest.
612 silly tarball no local data for data-view-byte-offset@https://registry.npmjs.org/data-view-byte-offset/-/data-view-byte-offset-1.0.1.tgz. Extracting by manifest.
613 silly tarball no local data for data-view-byte-length@https://registry.npmjs.org/data-view-byte-length/-/data-view-byte-length-1.0.2.tgz. Extracting by manifest.
614 silly tarball no local data for csstype@https://registry.npmjs.org/csstype/-/csstype-3.2.3.tgz. Extracting by manifest.
615 silly tarball no local data for convert-source-map@https://registry.npmjs.org/convert-source-map/-/convert-source-map-2.0.0.tgz. Extracting by manifest.
616 silly tarball no local data for cross-spawn@https://registry.npmjs.org/cross-spawn/-/cross-spawn-7.0.6.tgz. Extracting by manifest.
617 silly tarball no local data for concat-map@https://registry.npmjs.org/concat-map/-/concat-map-0.0.1.tgz. Extracting by manifest.
618 silly tarball no local data for color-name@https://registry.npmjs.org/color-name/-/color-name-1.1.4.tgz. Extracting by manifest.
619 silly tarball no local data for clsx@https://registry.npmjs.org/clsx/-/clsx-2.1.1.tgz. Extracting by manifest.
620 silly tarball no local data for color-convert@https://registry.npmjs.org/color-convert/-/color-convert-2.0.1.tgz. Extracting by manifest.
621 silly tarball no local data for client-only@https://registry.npmjs.org/client-only/-/client-only-0.0.1.tgz. Extracting by manifest.
622 silly tarball no local data for callsites@https://registry.npmjs.org/callsites/-/callsites-3.1.0.tgz. Extracting by manifest.
623 silly tarball no local data for caniuse-lite@https://registry.npmjs.org/caniuse-lite/-/caniuse-lite-1.0.30001810.tgz. Extracting by manifest.
624 silly tarball no local data for chalk@https://registry.npmjs.org/chalk/-/chalk-4.1.2.tgz. Extracting by manifest.
625 silly tarball no local data for call-bound@https://registry.npmjs.org/call-bound/-/call-bound-1.0.4.tgz. Extracting by manifest.
626 silly tarball no local data for call-bind-apply-helpers@https://registry.npmjs.org/call-bind-apply-helpers/-/call-bind-apply-helpers-1.0.2.tgz. Extracting by manifest.
627 silly tarball no local data for browserslist@https://registry.npmjs.org/browserslist/-/browserslist-4.28.9.tgz. Extracting by manifest.
628 silly tarball no local data for braces@https://registry.npmjs.org/braces/-/braces-3.0.3.tgz. Extracting by manifest.
629 silly tarball no local data for call-bind@https://registry.npmjs.org/call-bind/-/call-bind-1.0.9.tgz. Extracting by manifest.
630 silly tarball no local data for brace-expansion@https://registry.npmjs.org/brace-expansion/-/brace-expansion-1.1.18.tgz. Extracting by manifest.
631 silly tarball no local data for baseline-browser-mapping@https://registry.npmjs.org/baseline-browser-mapping/-/baseline-browser-mapping-2.11.23.tgz. Extracting by manifest.
632 silly tarball no local data for axobject-query@https://registry.npmjs.org/axobject-query/-/axobject-query-4.1.0.tgz. Extracting by manifest.
633 silly tarball no local data for balanced-match@https://registry.npmjs.org/balanced-match/-/balanced-match-1.0.2.tgz. Extracting by manifest.
634 silly tarball no local data for axe-core@https://registry.npmjs.org/axe-core/-/axe-core-4.13.0.tgz. Extracting by manifest.
635 silly tarball no local data for available-typed-arrays@https://registry.npmjs.org/available-typed-arrays/-/available-typed-arrays-1.0.7.tgz. Extracting by manifest.
636 silly tarball no local data for async-function@https://registry.npmjs.org/async-function/-/async-function-1.0.0.tgz. Extracting by manifest.
637 silly tarball no local data for espree@https://registry.npmjs.org/espree/-/espree-10.4.0.tgz. Extracting by manifest.
638 silly tarball no local data for esrecurse@https://registry.npmjs.org/esrecurse/-/esrecurse-4.3.0.tgz. Extracting by manifest.
639 silly tarball no local data for arraybuffer.prototype.slice@https://registry.npmjs.org/arraybuffer.prototype.slice/-/arraybuffer.prototype.slice-1.0.4.tgz. Extracting by manifest.
640 silly tarball no local data for ast-types-flow@https://registry.npmjs.org/ast-types-flow/-/ast-types-flow-0.0.8.tgz. Extracting by manifest.
641 silly tarball no local data for array.prototype.tosorted@https://registry.npmjs.org/array.prototype.tosorted/-/array.prototype.tosorted-1.1.4.tgz. Extracting by manifest.
642 silly tarball no local data for array.prototype.findlastindex@https://registry.npmjs.org/array.prototype.findlastindex/-/array.prototype.findlastindex-1.2.6.tgz. Extracting by manifest.
643 silly tarball no local data for array.prototype.flat@https://registry.npmjs.org/array.prototype.flat/-/array.prototype.flat-1.3.3.tgz. Extracting by manifest.
644 silly tarball no local data for array.prototype.flatmap@https://registry.npmjs.org/array.prototype.flatmap/-/array.prototype.flatmap-1.3.3.tgz. Extracting by manifest.
645 silly tarball no local data for array.prototype.findlast@https://registry.npmjs.org/array.prototype.findlast/-/array.prototype.findlast-1.2.5.tgz. Extracting by manifest.
646 silly tarball no local data for array-buffer-byte-length@https://registry.npmjs.org/array-buffer-byte-length/-/array-buffer-byte-length-1.0.2.tgz. Extracting by manifest.
647 silly tarball no local data for aria-query@https://registry.npmjs.org/aria-query/-/aria-query-5.3.2.tgz. Extracting by manifest.
648 silly tarball no local data for array-includes@https://registry.npmjs.org/array-includes/-/array-includes-3.2.0.tgz. Extracting by manifest.
649 silly tarball no local data for argparse@https://registry.npmjs.org/argparse/-/argparse-2.0.1.tgz. Extracting by manifest.
650 silly tarball no local data for ansi-styles@https://registry.npmjs.org/ansi-styles/-/ansi-styles-4.3.0.tgz. Extracting by manifest.
651 silly tarball no local data for ajv@https://registry.npmjs.org/ajv/-/ajv-6.15.0.tgz. Extracting by manifest.
652 silly tarball no local data for acorn-jsx@https://registry.npmjs.org/acorn-jsx/-/acorn-jsx-5.3.2.tgz. Extracting by manifest.
653 silly tarball no local data for acorn@https://registry.npmjs.org/acorn/-/acorn-8.18.0.tgz. Extracting by manifest.
654 silly tarball no local data for @unrs/resolver-binding-win32-x64-msvc@https://registry.npmjs.org/@unrs/resolver-binding-win32-x64-msvc/-/resolver-binding-win32-x64-msvc-1.12.2.tgz. Extracting by manifest.
655 silly tarball no local data for @typescript-eslint/visitor-keys@https://registry.npmjs.org/@typescript-eslint/visitor-keys/-/visitor-keys-8.70.0.tgz. Extracting by manifest.
656 silly tarball no local data for @typescript-eslint/utils@https://registry.npmjs.org/@typescript-eslint/utils/-/utils-8.70.0.tgz. Extracting by manifest.
657 silly tarball no local data for @typescript-eslint/typescript-estree@https://registry.npmjs.org/@typescript-eslint/typescript-estree/-/typescript-estree-8.70.0.tgz. Extracting by manifest.
658 silly tarball no local data for @typescript-eslint/types@https://registry.npmjs.org/@typescript-eslint/types/-/types-8.70.0.tgz. Extracting by manifest.
659 silly tarball no local data for @typescript-eslint/type-utils@https://registry.npmjs.org/@typescript-eslint/type-utils/-/type-utils-8.70.0.tgz. Extracting by manifest.
660 silly tarball no local data for @typescript-eslint/project-service@https://registry.npmjs.org/@typescript-eslint/project-service/-/project-service-8.70.0.tgz. Extracting by manifest.
661 silly tarball no local data for @typescript-eslint/tsconfig-utils@https://registry.npmjs.org/@typescript-eslint/tsconfig-utils/-/tsconfig-utils-8.70.0.tgz. Extracting by manifest.
662 silly tarball no local data for @typescript-eslint/parser@https://registry.npmjs.org/@typescript-eslint/parser/-/parser-8.70.0.tgz. Extracting by manifest.
663 silly tarball no local data for @typescript-eslint/eslint-plugin@https://registry.npmjs.org/@typescript-eslint/eslint-plugin/-/eslint-plugin-8.70.0.tgz. Extracting by manifest.
664 silly tarball no local data for @types/node@https://registry.npmjs.org/@types/node/-/node-24.13.4.tgz. Extracting by manifest.
665 silly tarball no local data for @types/react-dom@https://registry.npmjs.org/@types/react-dom/-/react-dom-19.3.0.tgz. Extracting by manifest.
666 silly tarball no local data for @types/react@https://registry.npmjs.org/@types/react/-/react-19.3.0.tgz. Extracting by manifest.
667 silly tarball no local data for @types/json5@https://registry.npmjs.org/@types/json5/-/json5-0.0.29.tgz. Extracting by manifest.
668 silly tarball no local data for @tailwindcss/oxide-win32-x64-msvc@https://registry.npmjs.org/@tailwindcss/oxide-win32-x64-msvc/-/oxide-win32-x64-msvc-4.3.3.tgz. Extracting by manifest.
669 silly tarball no local data for @types/json-schema@https://registry.npmjs.org/@types/json-schema/-/json-schema-7.0.15.tgz. Extracting by manifest.
670 silly tarball no local data for @types/estree@https://registry.npmjs.org/@types/estree/-/estree-1.0.9.tgz. Extracting by manifest.
671 silly tarball no local data for @tailwindcss/postcss@https://registry.npmjs.org/@tailwindcss/postcss/-/postcss-4.3.3.tgz. Extracting by manifest.
672 silly tarball no local data for @tailwindcss/oxide@https://registry.npmjs.org/@tailwindcss/oxide/-/oxide-4.3.3.tgz. Extracting by manifest.
673 silly tarball no local data for @rtsao/scc@https://registry.npmjs.org/@rtsao/scc/-/scc-1.1.0.tgz. Extracting by manifest.
674 silly tarball no local data for @playwright/test@https://registry.npmjs.org/@playwright/test/-/test-1.63.0.tgz. Extracting by manifest.
675 silly tarball no local data for @nolyfill/is-core-module@https://registry.npmjs.org/@nolyfill/is-core-module/-/is-core-module-1.0.39.tgz. Extracting by manifest.
676 silly tarball no local data for @tailwindcss/node@https://registry.npmjs.org/@tailwindcss/node/-/node-4.3.3.tgz. Extracting by manifest.
677 silly tarball no local data for @swc/helpers@https://registry.npmjs.org/@swc/helpers/-/helpers-0.5.23.tgz. Extracting by manifest.
678 silly tarball no local data for @typescript-eslint/scope-manager@https://registry.npmjs.org/@typescript-eslint/scope-manager/-/scope-manager-8.70.0.tgz. Extracting by manifest.
679 silly tarball no local data for @nodelib/fs.walk@https://registry.npmjs.org/@nodelib/fs.walk/-/fs.walk-1.2.8.tgz. Extracting by manifest.
680 silly tarball no local data for @jridgewell/trace-mapping@https://registry.npmjs.org/@jridgewell/trace-mapping/-/trace-mapping-0.3.31.tgz. Extracting by manifest.
681 silly tarball no local data for @nodelib/fs.stat@https://registry.npmjs.org/@nodelib/fs.stat/-/fs.stat-2.0.5.tgz. Extracting by manifest.
682 silly tarball no local data for @jridgewell/sourcemap-codec@https://registry.npmjs.org/@jridgewell/sourcemap-codec/-/sourcemap-codec-1.6.0.tgz. Extracting by manifest.
683 silly tarball no local data for @nodelib/fs.scandir@https://registry.npmjs.org/@nodelib/fs.scandir/-/fs.scandir-2.1.5.tgz. Extracting by manifest.
684 silly tarball no local data for @jridgewell/resolve-uri@https://registry.npmjs.org/@jridgewell/resolve-uri/-/resolve-uri-3.1.2.tgz. Extracting by manifest.
685 silly tarball no local data for @jridgewell/remapping@https://registry.npmjs.org/@jridgewell/remapping/-/remapping-2.3.5.tgz. Extracting by manifest.
686 silly tarball no local data for @jridgewell/gen-mapping@https://registry.npmjs.org/@jridgewell/gen-mapping/-/gen-mapping-0.3.13.tgz. Extracting by manifest.
687 silly tarball no local data for @next/eslint-plugin-next@https://registry.npmjs.org/@next/eslint-plugin-next/-/eslint-plugin-next-16.3.5.tgz. Extracting by manifest.
688 silly tarball no local data for @img/sharp-win32-x64@https://registry.npmjs.org/@img/sharp-win32-x64/-/sharp-win32-x64-0.35.4.tgz. Extracting by manifest.
689 silly tarball no local data for @next/swc-win32-x64-msvc@https://registry.npmjs.org/@next/swc-win32-x64-msvc/-/swc-win32-x64-msvc-16.3.5.tgz. Extracting by manifest.
690 silly tarball no local data for @next/env@https://registry.npmjs.org/@next/env/-/env-16.3.5.tgz. Extracting by manifest.
691 silly tarball no local data for @img/colour@https://registry.npmjs.org/@img/colour/-/colour-1.1.0.tgz. Extracting by manifest.
692 silly tarball no local data for @humanwhocodes/retry@https://registry.npmjs.org/@humanwhocodes/retry/-/retry-0.4.3.tgz. Extracting by manifest.
693 silly tarball no local data for @humanfs/node@https://registry.npmjs.org/@humanfs/node/-/node-0.16.8.tgz. Extracting by manifest.
694 silly tarball no local data for @humanfs/types@https://registry.npmjs.org/@humanfs/types/-/types-0.15.0.tgz. Extracting by manifest.
695 silly tarball no local data for @humanwhocodes/module-importer@https://registry.npmjs.org/@humanwhocodes/module-importer/-/module-importer-1.0.1.tgz. Extracting by manifest.
696 silly tarball no local data for @humanfs/core@https://registry.npmjs.org/@humanfs/core/-/core-0.19.2.tgz. Extracting by manifest.
697 silly tarball no local data for @eslint/plugin-kit@https://registry.npmjs.org/@eslint/plugin-kit/-/plugin-kit-0.4.1.tgz. Extracting by manifest.
698 silly tarball no local data for @eslint/js@https://registry.npmjs.org/@eslint/js/-/js-9.39.5.tgz. Extracting by manifest.
699 silly tarball no local data for @eslint/eslintrc@https://registry.npmjs.org/@eslint/eslintrc/-/eslintrc-3.3.7.tgz. Extracting by manifest.
700 silly tarball no local data for @eslint/core@https://registry.npmjs.org/@eslint/core/-/core-0.17.0.tgz. Extracting by manifest.
701 silly tarball no local data for @eslint-community/regexpp@https://registry.npmjs.org/@eslint-community/regexpp/-/regexpp-4.12.2.tgz. Extracting by manifest.
702 silly tarball no local data for @eslint/config-helpers@https://registry.npmjs.org/@eslint/config-helpers/-/config-helpers-0.4.2.tgz. Extracting by manifest.
703 silly tarball no local data for @eslint/object-schema@https://registry.npmjs.org/@eslint/object-schema/-/object-schema-2.1.7.tgz. Extracting by manifest.
704 silly tarball no local data for @eslint-community/eslint-utils@https://registry.npmjs.org/@eslint-community/eslint-utils/-/eslint-utils-4.10.1.tgz. Extracting by manifest.
705 silly tarball no local data for @eslint/config-array@https://registry.npmjs.org/@eslint/config-array/-/config-array-0.21.2.tgz. Extracting by manifest.
706 silly tarball no local data for @babel/types@https://registry.npmjs.org/@babel/types/-/types-7.29.8.tgz. Extracting by manifest.
707 silly tarball no local data for @babel/traverse@https://registry.npmjs.org/@babel/traverse/-/traverse-7.29.8.tgz. Extracting by manifest.
708 silly tarball no local data for @babel/parser@https://registry.npmjs.org/@babel/parser/-/parser-7.29.8.tgz. Extracting by manifest.
709 silly tarball no local data for @babel/template@https://registry.npmjs.org/@babel/template/-/template-7.29.7.tgz. Extracting by manifest.
710 silly tarball no local data for @babel/helper-validator-option@https://registry.npmjs.org/@babel/helper-validator-option/-/helper-validator-option-7.29.7.tgz. Extracting by manifest.
711 silly tarball no local data for @babel/helpers@https://registry.npmjs.org/@babel/helpers/-/helpers-7.29.7.tgz. Extracting by manifest.
712 silly tarball no local data for @babel/helper-validator-identifier@https://registry.npmjs.org/@babel/helper-validator-identifier/-/helper-validator-identifier-7.29.7.tgz. Extracting by manifest.
713 silly tarball no local data for @babel/helper-string-parser@https://registry.npmjs.org/@babel/helper-string-parser/-/helper-string-parser-7.29.7.tgz. Extracting by manifest.
714 silly tarball no local data for @babel/helper-module-imports@https://registry.npmjs.org/@babel/helper-module-imports/-/helper-module-imports-7.29.7.tgz. Extracting by manifest.
715 silly tarball no local data for @babel/helper-globals@https://registry.npmjs.org/@babel/helper-globals/-/helper-globals-7.29.7.tgz. Extracting by manifest.
716 silly tarball no local data for @babel/helper-compilation-targets@https://registry.npmjs.org/@babel/helper-compilation-targets/-/helper-compilation-targets-7.29.7.tgz. Extracting by manifest.
717 silly tarball no local data for @babel/helper-module-transforms@https://registry.npmjs.org/@babel/helper-module-transforms/-/helper-module-transforms-7.29.7.tgz. Extracting by manifest.
718 silly tarball no local data for @babel/generator@https://registry.npmjs.org/@babel/generator/-/generator-7.29.8.tgz. Extracting by manifest.
719 silly tarball no local data for @babel/compat-data@https://registry.npmjs.org/@babel/compat-data/-/compat-data-7.29.7.tgz. Extracting by manifest.
720 silly tarball no local data for @babel/code-frame@https://registry.npmjs.org/@babel/code-frame/-/code-frame-7.29.7.tgz. Extracting by manifest.
721 silly tarball no local data for json5@https://registry.npmjs.org/json5/-/json5-1.0.2.tgz. Extracting by manifest.
722 silly tarball no local data for @alloc/quick-lru@https://registry.npmjs.org/@alloc/quick-lru/-/quick-lru-5.3.0.tgz. Extracting by manifest.
723 silly tarball no local data for semver@https://registry.npmjs.org/semver/-/semver-7.8.5.tgz. Extracting by manifest.
724 silly tarball no local data for picomatch@https://registry.npmjs.org/picomatch/-/picomatch-4.0.7.tgz. Extracting by manifest.
725 silly tarball no local data for fdir@https://registry.npmjs.org/fdir/-/fdir-6.5.0.tgz. Extracting by manifest.
726 silly tarball no local data for postcss@https://registry.npmjs.org/postcss/-/postcss-8.5.23.tgz. Extracting by manifest.
727 silly tarball no local data for semver@https://registry.npmjs.org/semver/-/semver-7.8.5.tgz. Extracting by manifest.
728 silly tarball no local data for glob-parent@https://registry.npmjs.org/glob-parent/-/glob-parent-5.1.2.tgz. Extracting by manifest.
729 silly tarball no local data for debug@https://registry.npmjs.org/debug/-/debug-3.2.7.tgz. Extracting by manifest.
730 silly tarball no local data for debug@https://registry.npmjs.org/debug/-/debug-3.2.7.tgz. Extracting by manifest.
731 silly tarball no local data for debug@https://registry.npmjs.org/debug/-/debug-3.2.7.tgz. Extracting by manifest.
732 silly tarball no local data for eslint-visitor-keys@https://registry.npmjs.org/eslint-visitor-keys/-/eslint-visitor-keys-5.0.1.tgz. Extracting by manifest.
733 silly tarball no local data for globals@https://registry.npmjs.org/globals/-/globals-16.4.0.tgz. Extracting by manifest.
734 silly tarball no local data for semver@https://registry.npmjs.org/semver/-/semver-7.8.5.tgz. Extracting by manifest.
735 silly tarball no local data for @babel/core@https://registry.npmjs.org/@babel/core/-/core-7.29.7.tgz. Extracting by manifest.
736 silly tarball no local data for minimatch@https://registry.npmjs.org/minimatch/-/minimatch-10.2.6.tgz. Extracting by manifest.
737 silly tarball no local data for brace-expansion@https://registry.npmjs.org/brace-expansion/-/brace-expansion-5.0.9.tgz. Extracting by manifest.
738 silly tarball no local data for ignore@https://registry.npmjs.org/ignore/-/ignore-7.0.9.tgz. Extracting by manifest.
739 silly tarball no local data for balanced-match@https://registry.npmjs.org/balanced-match/-/balanced-match-4.0.4.tgz. Extracting by manifest.
740 silly tarball no local data for @eslint-community/eslint-utils@https://registry.npmjs.org/@eslint-community/eslint-utils/-/eslint-utils-4.9.1.tgz. Extracting by manifest.
741 silly tarball no local data for eslint-visitor-keys@https://registry.npmjs.org/eslint-visitor-keys/-/eslint-visitor-keys-3.4.3.tgz. Extracting by manifest.
742 silly tarball no local data for eslint-visitor-keys@https://registry.npmjs.org/eslint-visitor-keys/-/eslint-visitor-keys-3.4.3.tgz. Extracting by manifest.
743 http fetch GET https://registry.npmjs.org/zod/-/zod-4.6.2.tgz attempt 1 failed with EACCES
744 http fetch GET https://registry.npmjs.org/yocto-queue/-/yocto-queue-0.1.0.tgz attempt 1 failed with EACCES
745 http fetch GET https://registry.npmjs.org/yallist/-/yallist-3.1.1.tgz attempt 1 failed with EACCES
746 http fetch GET https://registry.npmjs.org/which-typed-array/-/which-typed-array-1.1.22.tgz attempt 1 failed with EACCES
747 http fetch GET https://registry.npmjs.org/which-collection/-/which-collection-1.0.2.tgz attempt 1 failed with EACCES
748 http fetch GET https://registry.npmjs.org/which-builtin-type/-/which-builtin-type-1.2.1.tgz attempt 1 failed with EACCES
749 http fetch GET https://registry.npmjs.org/uri-js/-/uri-js-4.4.1.tgz attempt 1 failed with EACCES
750 http fetch GET https://registry.npmjs.org/word-wrap/-/word-wrap-1.2.5.tgz attempt 1 failed with EACCES
751 http fetch GET https://registry.npmjs.org/zod-validation-error/-/zod-validation-error-4.0.2.tgz attempt 1 failed with EACCES
752 http fetch GET https://registry.npmjs.org/which/-/which-2.0.2.tgz attempt 1 failed with EACCES
753 http fetch GET https://registry.npmjs.org/update-browserslist-db/-/update-browserslist-db-1.3.3.tgz attempt 1 failed with EACCES
754 http fetch GET https://registry.npmjs.org/unrs-resolver/-/unrs-resolver-1.12.2.tgz attempt 1 failed with EACCES
755 http fetch GET https://registry.npmjs.org/undici-types/-/undici-types-7.18.2.tgz attempt 1 failed with EACCES
756 http fetch GET https://registry.npmjs.org/unbox-primitive/-/unbox-primitive-1.1.0.tgz attempt 1 failed with EACCES
757 http fetch GET https://registry.npmjs.org/typescript/-/typescript-5.9.3.tgz attempt 1 failed with EACCES
758 http fetch GET https://registry.npmjs.org/typed-array-length/-/typed-array-length-1.0.8.tgz attempt 1 failed with EACCES
759 http fetch GET https://registry.npmjs.org/which-boxed-primitive/-/which-boxed-primitive-1.1.1.tgz attempt 1 failed with EACCES
760 http fetch GET https://registry.npmjs.org/typed-array-byte-offset/-/typed-array-byte-offset-1.0.4.tgz attempt 1 failed with EACCES
761 http fetch GET https://registry.npmjs.org/typed-array-byte-length/-/typed-array-byte-length-1.0.3.tgz attempt 1 failed with EACCES
762 http fetch GET https://registry.npmjs.org/typescript-eslint/-/typescript-eslint-8.70.0.tgz attempt 1 failed with EACCES
763 http fetch GET https://registry.npmjs.org/type-check/-/type-check-0.4.0.tgz attempt 1 failed with EACCES
764 http fetch GET https://registry.npmjs.org/tslib/-/tslib-2.8.1.tgz attempt 1 failed with EACCES
765 http fetch GET https://registry.npmjs.org/tsconfig-paths/-/tsconfig-paths-3.15.0.tgz attempt 1 failed with EACCES
766 http fetch GET https://registry.npmjs.org/to-regex-range/-/to-regex-range-5.0.1.tgz attempt 1 failed with EACCES
767 http fetch GET https://registry.npmjs.org/typed-array-buffer/-/typed-array-buffer-1.0.3.tgz attempt 1 failed with EACCES
768 http fetch GET https://registry.npmjs.org/tinyglobby/-/tinyglobby-0.2.17.tgz attempt 1 failed with EACCES
769 http fetch GET https://registry.npmjs.org/tailwindcss/-/tailwindcss-4.3.3.tgz attempt 1 failed with EACCES
770 http fetch GET https://registry.npmjs.org/tapable/-/tapable-2.3.3.tgz attempt 1 failed with EACCES
771 http fetch GET https://registry.npmjs.org/ts-api-utils/-/ts-api-utils-2.5.0.tgz attempt 1 failed with EACCES
772 http fetch GET https://registry.npmjs.org/supports-preserve-symlinks-flag/-/supports-preserve-symlinks-flag-1.0.0.tgz attempt 1 failed with EACCES
773 http fetch GET https://registry.npmjs.org/tailwind-merge/-/tailwind-merge-3.6.0.tgz attempt 1 failed with EACCES
774 http fetch GET https://registry.npmjs.org/supports-color/-/supports-color-7.2.0.tgz attempt 1 failed with EACCES
775 http fetch GET https://registry.npmjs.org/styled-jsx/-/styled-jsx-5.1.6.tgz attempt 1 failed with EACCES
776 http fetch GET https://registry.npmjs.org/strip-json-comments/-/strip-json-comments-3.1.1.tgz attempt 1 failed with EACCES
777 http fetch GET https://registry.npmjs.org/strip-bom/-/strip-bom-3.0.0.tgz attempt 1 failed with EACCES
778 http fetch GET https://registry.npmjs.org/string.prototype.trimstart/-/string.prototype.trimstart-1.0.8.tgz attempt 1 failed with EACCES
779 http fetch GET https://registry.npmjs.org/string.prototype.trim/-/string.prototype.trim-1.2.11.tgz attempt 1 failed with EACCES
780 http fetch GET https://registry.npmjs.org/string.prototype.repeat/-/string.prototype.repeat-1.0.0.tgz attempt 1 failed with EACCES
781 http fetch GET https://registry.npmjs.org/string.prototype.trimend/-/string.prototype.trimend-1.0.10.tgz attempt 1 failed with EACCES
782 http fetch GET https://registry.npmjs.org/string.prototype.matchall/-/string.prototype.matchall-4.1.0.tgz attempt 1 failed with EACCES
783 http fetch GET https://registry.npmjs.org/string.prototype.includes/-/string.prototype.includes-2.0.1.tgz attempt 1 failed with EACCES
784 http fetch GET https://registry.npmjs.org/stop-iteration-iterator/-/stop-iteration-iterator-1.1.0.tgz attempt 1 failed with EACCES
785 http fetch GET https://registry.npmjs.org/stable-hash/-/stable-hash-0.0.5.tgz attempt 1 failed with EACCES
786 http fetch GET https://registry.npmjs.org/source-map-js/-/source-map-js-1.2.1.tgz attempt 1 failed with EACCES
787 http fetch GET https://registry.npmjs.org/side-channel-map/-/side-channel-map-1.0.1.tgz attempt 1 failed with EACCES
788 http fetch GET https://registry.npmjs.org/side-channel-weakmap/-/side-channel-weakmap-1.0.2.tgz attempt 1 failed with EACCES
789 http fetch GET https://registry.npmjs.org/side-channel-list/-/side-channel-list-1.0.1.tgz attempt 1 failed with EACCES
790 http fetch GET https://registry.npmjs.org/side-channel/-/side-channel-1.1.1.tgz attempt 1 failed with EACCES
791 http fetch GET https://registry.npmjs.org/shebang-regex/-/shebang-regex-3.0.0.tgz attempt 1 failed with EACCES
792 http fetch GET https://registry.npmjs.org/shebang-command/-/shebang-command-2.0.0.tgz attempt 1 failed with EACCES
793 http fetch GET https://registry.npmjs.org/set-proto/-/set-proto-1.0.0.tgz attempt 1 failed with EACCES
794 http fetch GET https://registry.npmjs.org/sharp/-/sharp-0.35.4.tgz attempt 1 failed with EACCES
795 http fetch GET https://registry.npmjs.org/set-function-name/-/set-function-name-2.0.2.tgz attempt 1 failed with EACCES
796 http fetch GET https://registry.npmjs.org/set-function-length/-/set-function-length-1.2.2.tgz attempt 1 failed with EACCES
797 http fetch GET https://registry.npmjs.org/semver/-/semver-6.3.1.tgz attempt 1 failed with EACCES
798 http fetch GET https://registry.npmjs.org/scheduler/-/scheduler-0.28.0.tgz attempt 1 failed with EACCES
799 http fetch GET https://registry.npmjs.org/safe-regex-test/-/safe-regex-test-1.1.0.tgz attempt 1 failed with EACCES
800 http fetch GET https://registry.npmjs.org/safe-push-apply/-/safe-push-apply-1.0.0.tgz attempt 1 failed with EACCES
801 http fetch GET https://registry.npmjs.org/run-parallel/-/run-parallel-1.2.0.tgz attempt 1 failed with EACCES
802 http fetch GET https://registry.npmjs.org/safe-array-concat/-/safe-array-concat-1.1.4.tgz attempt 1 failed with EACCES
803 http fetch GET https://registry.npmjs.org/resolve-pkg-maps/-/resolve-pkg-maps-1.0.0.tgz attempt 1 failed with EACCES
804 http fetch GET https://registry.npmjs.org/reusify/-/reusify-1.1.0.tgz attempt 1 failed with EACCES
805 http fetch GET https://registry.npmjs.org/resolve-from/-/resolve-from-4.0.0.tgz attempt 1 failed with EACCES
806 http fetch GET https://registry.npmjs.org/resolve/-/resolve-2.0.0-next.7.tgz attempt 1 failed with EACCES
807 http fetch GET https://registry.npmjs.org/regexp.prototype.flags/-/regexp.prototype.flags-1.5.4.tgz attempt 1 failed with EACCES
808 http fetch GET https://registry.npmjs.org/reflect.getprototypeof/-/reflect.getprototypeof-1.0.10.tgz attempt 1 failed with EACCES
809 http fetch GET https://registry.npmjs.org/react-is/-/react-is-16.13.1.tgz attempt 1 failed with EACCES
810 http fetch GET https://registry.npmjs.org/react-dom/-/react-dom-19.3.0.tgz attempt 1 failed with EACCES
811 http fetch GET https://registry.npmjs.org/react/-/react-19.3.0.tgz attempt 1 failed with EACCES
812 http fetch GET https://registry.npmjs.org/queue-microtask/-/queue-microtask-1.2.3.tgz attempt 1 failed with EACCES
813 http fetch GET https://registry.npmjs.org/punycode/-/punycode-2.3.1.tgz attempt 1 failed with EACCES
814 http fetch GET https://registry.npmjs.org/prop-types/-/prop-types-15.8.1.tgz attempt 1 failed with EACCES
815 http fetch GET https://registry.npmjs.org/prelude-ls/-/prelude-ls-1.2.1.tgz attempt 1 failed with EACCES
816 http fetch GET https://registry.npmjs.org/postcss/-/postcss-8.5.28.tgz attempt 1 failed with EACCES
817 http fetch GET https://registry.npmjs.org/possible-typed-array-names/-/possible-typed-array-names-1.1.0.tgz attempt 1 failed with EACCES
818 http fetch GET https://registry.npmjs.org/playwright-core/-/playwright-core-1.63.0.tgz attempt 1 failed with EACCES
819 http fetch GET https://registry.npmjs.org/playwright/-/playwright-1.63.0.tgz attempt 1 failed with EACCES
820 http fetch GET https://registry.npmjs.org/picocolors/-/picocolors-1.1.1.tgz attempt 1 failed with EACCES
821 http fetch GET https://registry.npmjs.org/picomatch/-/picomatch-2.3.2.tgz attempt 1 failed with EACCES
822 http fetch GET https://registry.npmjs.org/path-key/-/path-key-3.1.1.tgz attempt 1 failed with EACCES
823 http fetch GET https://registry.npmjs.org/parent-module/-/parent-module-1.0.1.tgz attempt 1 failed with EACCES
824 http fetch GET https://registry.npmjs.org/path-exists/-/path-exists-4.0.0.tgz attempt 1 failed with EACCES
825 http fetch GET https://registry.npmjs.org/p-locate/-/p-locate-5.0.0.tgz attempt 1 failed with EACCES
826 http fetch GET https://registry.npmjs.org/own-keys/-/own-keys-1.0.2.tgz attempt 1 failed with EACCES
827 http fetch GET https://registry.npmjs.org/p-limit/-/p-limit-3.1.0.tgz attempt 1 failed with EACCES
828 http fetch GET https://registry.npmjs.org/optionator/-/optionator-0.9.4.tgz attempt 1 failed with EACCES
829 http fetch GET https://registry.npmjs.org/object.values/-/object.values-1.2.1.tgz attempt 1 failed with EACCES
830 http fetch GET https://registry.npmjs.org/object.groupby/-/object.groupby-1.0.3.tgz attempt 1 failed with EACCES
831 http fetch GET https://registry.npmjs.org/object.fromentries/-/object.fromentries-2.0.8.tgz attempt 1 failed with EACCES
832 http fetch GET https://registry.npmjs.org/object-keys/-/object-keys-1.1.1.tgz attempt 1 failed with EACCES
833 http fetch GET https://registry.npmjs.org/object.assign/-/object.assign-4.1.7.tgz attempt 1 failed with EACCES
834 http fetch GET https://registry.npmjs.org/path-parse/-/path-parse-1.0.7.tgz attempt 1 failed with EACCES
835 http fetch GET https://registry.npmjs.org/object-inspect/-/object-inspect-1.13.4.tgz attempt 1 failed with EACCES
836 http fetch GET https://registry.npmjs.org/object-assign/-/object-assign-4.1.1.tgz attempt 1 failed with EACCES
837 http fetch GET https://registry.npmjs.org/node-exports-info/-/node-exports-info-1.6.2.tgz attempt 1 failed with EACCES
838 http fetch GET https://registry.npmjs.org/node-releases/-/node-releases-2.0.55.tgz attempt 1 failed with EACCES
839 http fetch GET https://registry.npmjs.org/next/-/next-16.3.5.tgz attempt 1 failed with EACCES
840 http fetch GET https://registry.npmjs.org/natural-compare/-/natural-compare-1.4.0.tgz attempt 1 failed with EACCES
841 http fetch GET https://registry.npmjs.org/nanoid/-/nanoid-3.3.19.tgz attempt 1 failed with EACCES
842 http fetch GET https://registry.npmjs.org/ms/-/ms-2.1.3.tgz attempt 1 failed with EACCES
843 http fetch GET https://registry.npmjs.org/minimatch/-/minimatch-3.1.5.tgz attempt 1 failed with EACCES
844 http fetch GET https://registry.npmjs.org/minimist/-/minimist-1.2.8.tgz attempt 1 failed with EACCES
845 http fetch GET https://registry.npmjs.org/micromatch/-/micromatch-4.0.8.tgz attempt 1 failed with EACCES
846 http fetch GET https://registry.npmjs.org/math-intrinsics/-/math-intrinsics-1.1.0.tgz attempt 1 failed with EACCES
847 http fetch GET https://registry.npmjs.org/merge2/-/merge2-1.4.1.tgz attempt 1 failed with EACCES
848 http fetch GET https://registry.npmjs.org/magic-string/-/magic-string-0.30.21.tgz attempt 1 failed with EACCES
849 http fetch GET https://registry.npmjs.org/lru-cache/-/lru-cache-5.1.1.tgz attempt 1 failed with EACCES
850 http fetch GET https://registry.npmjs.org/loose-envify/-/loose-envify-1.4.0.tgz attempt 1 failed with EACCES
851 http fetch GET https://registry.npmjs.org/locate-path/-/locate-path-6.0.0.tgz attempt 1 failed with EACCES
852 http fetch GET https://registry.npmjs.org/lodash.merge/-/lodash.merge-4.6.2.tgz attempt 1 failed with EACCES
853 http fetch GET https://registry.npmjs.org/lightningcss/-/lightningcss-1.32.0.tgz attempt 1 failed with EACCES
854 http fetch GET https://registry.npmjs.org/lightningcss-win32-x64-msvc/-/lightningcss-win32-x64-msvc-1.32.0.tgz attempt 1 failed with EACCES
855 http fetch GET https://registry.npmjs.org/language-tags/-/language-tags-1.0.9.tgz attempt 1 failed with EACCES
856 http fetch GET https://registry.npmjs.org/levn/-/levn-0.4.1.tgz attempt 1 failed with EACCES
857 http fetch GET https://registry.npmjs.org/napi-postinstall/-/napi-postinstall-0.3.4.tgz attempt 1 failed with EACCES
858 http fetch GET https://registry.npmjs.org/object.entries/-/object.entries-1.1.9.tgz attempt 1 failed with EACCES
859 http fetch GET https://registry.npmjs.org/language-subtag-registry/-/language-subtag-registry-0.3.23.tgz attempt 1 failed with EACCES
860 http fetch GET https://registry.npmjs.org/keyv/-/keyv-4.5.4.tgz attempt 1 failed with EACCES
861 http fetch GET https://registry.npmjs.org/jsx-ast-utils/-/jsx-ast-utils-3.3.5.tgz attempt 1 failed with EACCES
862 http fetch GET https://registry.npmjs.org/json-stable-stringify-without-jsonify/-/json-stable-stringify-without-jsonify-1.0.1.tgz attempt 1 failed with EACCES
863 http fetch GET https://registry.npmjs.org/json5/-/json5-2.2.3.tgz attempt 1 failed with EACCES
864 http fetch GET https://registry.npmjs.org/json-schema-traverse/-/json-schema-traverse-0.4.1.tgz attempt 1 failed with EACCES
865 http fetch GET https://registry.npmjs.org/json-buffer/-/json-buffer-3.0.1.tgz attempt 1 failed with EACCES
866 http fetch GET https://registry.npmjs.org/js-yaml/-/js-yaml-4.3.2.tgz attempt 1 failed with EACCES
867 http fetch GET https://registry.npmjs.org/jiti/-/jiti-2.7.0.tgz attempt 1 failed with EACCES
868 http fetch GET https://registry.npmjs.org/jsesc/-/jsesc-3.1.0.tgz attempt 1 failed with EACCES
869 http fetch GET https://registry.npmjs.org/iterator.prototype/-/iterator.prototype-1.1.5.tgz attempt 1 failed with EACCES
870 http fetch GET https://registry.npmjs.org/isexe/-/isexe-2.0.0.tgz attempt 1 failed with EACCES
871 http fetch GET https://registry.npmjs.org/js-tokens/-/js-tokens-4.0.0.tgz attempt 1 failed with EACCES
872 http fetch GET https://registry.npmjs.org/is-weakmap/-/is-weakmap-2.0.2.tgz attempt 1 failed with EACCES
873 http fetch GET https://registry.npmjs.org/is-weakref/-/is-weakref-1.1.1.tgz attempt 1 failed with EACCES
874 http fetch GET https://registry.npmjs.org/isarray/-/isarray-2.0.5.tgz attempt 1 failed with EACCES
875 http fetch GET https://registry.npmjs.org/is-weakset/-/is-weakset-2.0.4.tgz attempt 1 failed with EACCES
876 http fetch GET https://registry.npmjs.org/is-symbol/-/is-symbol-1.1.1.tgz attempt 1 failed with EACCES
877 http fetch GET https://registry.npmjs.org/is-set/-/is-set-2.0.3.tgz attempt 1 failed with EACCES
878 http fetch GET https://registry.npmjs.org/is-shared-array-buffer/-/is-shared-array-buffer-1.0.4.tgz attempt 1 failed with EACCES
879 http fetch GET https://registry.npmjs.org/is-regex/-/is-regex-1.2.1.tgz attempt 1 failed with EACCES
880 http fetch GET https://registry.npmjs.org/is-number/-/is-number-7.0.0.tgz attempt 1 failed with EACCES
881 http fetch GET https://registry.npmjs.org/is-number-object/-/is-number-object-1.1.1.tgz attempt 1 failed with EACCES
882 http fetch GET https://registry.npmjs.org/is-map/-/is-map-2.0.3.tgz attempt 1 failed with EACCES
883 http fetch GET https://registry.npmjs.org/is-negative-zero/-/is-negative-zero-2.0.3.tgz attempt 1 failed with EACCES
884 http fetch GET https://registry.npmjs.org/is-generator-function/-/is-generator-function-1.1.2.tgz attempt 1 failed with EACCES
885 http fetch GET https://registry.npmjs.org/is-finalizationregistry/-/is-finalizationregistry-1.1.1.tgz attempt 1 failed with EACCES
886 http fetch GET https://registry.npmjs.org/is-extglob/-/is-extglob-2.1.1.tgz attempt 1 failed with EACCES
887 http fetch GET https://registry.npmjs.org/is-date-object/-/is-date-object-1.1.0.tgz attempt 1 failed with EACCES
888 http fetch GET https://registry.npmjs.org/is-string/-/is-string-1.1.1.tgz attempt 1 failed with EACCES
889 http fetch GET https://registry.npmjs.org/is-glob/-/is-glob-4.0.3.tgz attempt 1 failed with EACCES
890 http fetch GET https://registry.npmjs.org/is-core-module/-/is-core-module-2.16.2.tgz attempt 1 failed with EACCES
891 http fetch GET https://registry.npmjs.org/is-document.all/-/is-document.all-1.0.0.tgz attempt 1 failed with EACCES
892 http fetch GET https://registry.npmjs.org/is-typed-array/-/is-typed-array-1.1.15.tgz attempt 1 failed with EACCES
893 http fetch GET https://registry.npmjs.org/is-data-view/-/is-data-view-1.0.2.tgz attempt 1 failed with EACCES
894 http fetch GET https://registry.npmjs.org/is-callable/-/is-callable-1.2.7.tgz attempt 1 failed with EACCES
895 http fetch GET https://registry.npmjs.org/is-bun-module/-/is-bun-module-2.0.0.tgz attempt 1 failed with EACCES
896 http fetch GET https://registry.npmjs.org/is-bigint/-/is-bigint-1.1.0.tgz attempt 1 failed with EACCES
897 http fetch GET https://registry.npmjs.org/is-boolean-object/-/is-boolean-object-1.2.2.tgz attempt 1 failed with EACCES
898 http fetch GET https://registry.npmjs.org/is-array-buffer/-/is-array-buffer-3.0.5.tgz attempt 1 failed with EACCES
899 http fetch GET https://registry.npmjs.org/is-async-function/-/is-async-function-2.1.1.tgz attempt 1 failed with EACCES
900 http fetch GET https://registry.npmjs.org/internal-slot/-/internal-slot-1.1.0.tgz attempt 1 failed with EACCES
901 http fetch GET https://registry.npmjs.org/imurmurhash/-/imurmurhash-0.1.4.tgz attempt 1 failed with EACCES
902 http fetch GET https://registry.npmjs.org/import-fresh/-/import-fresh-3.3.1.tgz attempt 1 failed with EACCES
903 http fetch GET https://registry.npmjs.org/ignore/-/ignore-5.3.2.tgz attempt 1 failed with EACCES
904 http fetch GET https://registry.npmjs.org/hermes-parser/-/hermes-parser-0.25.1.tgz attempt 1 failed with EACCES
905 http fetch GET https://registry.npmjs.org/hermes-estree/-/hermes-estree-0.25.1.tgz attempt 1 failed with EACCES
906 http fetch GET https://registry.npmjs.org/hasown/-/hasown-2.0.4.tgz attempt 1 failed with EACCES
907 http fetch GET https://registry.npmjs.org/has-tostringtag/-/has-tostringtag-1.0.2.tgz attempt 1 failed with EACCES
908 http fetch GET https://registry.npmjs.org/has-proto/-/has-proto-1.2.0.tgz attempt 1 failed with EACCES
909 http fetch GET https://registry.npmjs.org/has-property-descriptors/-/has-property-descriptors-1.0.2.tgz attempt 1 failed with EACCES
910 http fetch GET https://registry.npmjs.org/has-symbols/-/has-symbols-1.1.0.tgz attempt 1 failed with EACCES
911 http fetch GET https://registry.npmjs.org/graceful-fs/-/graceful-fs-4.2.11.tgz attempt 1 failed with EACCES
912 http fetch GET https://registry.npmjs.org/has-flag/-/has-flag-4.0.0.tgz attempt 1 failed with EACCES
913 http fetch GET https://registry.npmjs.org/gopd/-/gopd-1.2.0.tgz attempt 1 failed with EACCES
914 http fetch GET https://registry.npmjs.org/has-bigints/-/has-bigints-1.1.0.tgz attempt 1 failed with EACCES
915 http fetch GET https://registry.npmjs.org/globalthis/-/globalthis-1.0.4.tgz attempt 1 failed with EACCES
916 http fetch GET https://registry.npmjs.org/globals/-/globals-14.0.0.tgz attempt 1 failed with EACCES
917 http fetch GET https://registry.npmjs.org/glob-parent/-/glob-parent-6.0.2.tgz attempt 1 failed with EACCES
918 http fetch GET https://registry.npmjs.org/get-tsconfig/-/get-tsconfig-4.14.3.tgz attempt 1 failed with EACCES
919 http fetch GET https://registry.npmjs.org/get-proto/-/get-proto-1.0.1.tgz attempt 1 failed with EACCES
920 http fetch GET https://registry.npmjs.org/get-symbol-description/-/get-symbol-description-1.1.0.tgz attempt 1 failed with EACCES
921 http fetch GET https://registry.npmjs.org/generator-function/-/generator-function-2.0.1.tgz attempt 1 failed with EACCES
922 http fetch GET https://registry.npmjs.org/get-intrinsic/-/get-intrinsic-1.3.0.tgz attempt 1 failed with EACCES
923 http fetch GET https://registry.npmjs.org/functions-have-names/-/functions-have-names-1.2.3.tgz attempt 1 failed with EACCES
924 http fetch GET https://registry.npmjs.org/function-bind/-/function-bind-1.1.2.tgz attempt 1 failed with EACCES
925 http fetch GET https://registry.npmjs.org/gensync/-/gensync-1.0.0-beta.2.tgz attempt 1 failed with EACCES
926 http fetch GET https://registry.npmjs.org/for-each/-/for-each-0.3.5.tgz attempt 1 failed with EACCES
927 http fetch GET https://registry.npmjs.org/flatted/-/flatted-3.4.4.tgz attempt 1 failed with EACCES
928 http fetch GET https://registry.npmjs.org/find-up/-/find-up-5.0.0.tgz attempt 1 failed with EACCES
929 http fetch GET https://registry.npmjs.org/flat-cache/-/flat-cache-4.0.1.tgz attempt 1 failed with EACCES
930 http fetch GET https://registry.npmjs.org/file-entry-cache/-/file-entry-cache-8.0.0.tgz attempt 1 failed with EACCES
931 http fetch GET https://registry.npmjs.org/fill-range/-/fill-range-7.1.1.tgz attempt 1 failed with EACCES
932 http fetch GET https://registry.npmjs.org/fastq/-/fastq-1.20.3.tgz attempt 1 failed with EACCES
933 http fetch GET https://registry.npmjs.org/function.prototype.name/-/function.prototype.name-1.2.0.tgz attempt 1 failed with EACCES
934 http fetch GET https://registry.npmjs.org/fast-levenshtein/-/fast-levenshtein-2.0.6.tgz attempt 1 failed with EACCES
935 http fetch GET https://registry.npmjs.org/fast-glob/-/fast-glob-3.3.1.tgz attempt 1 failed with EACCES
936 http fetch GET https://registry.npmjs.org/fast-deep-equal/-/fast-deep-equal-3.1.3.tgz attempt 1 failed with EACCES
937 http fetch GET https://registry.npmjs.org/fast-json-stable-stringify/-/fast-json-stable-stringify-2.1.0.tgz attempt 1 failed with EACCES
938 http fetch GET https://registry.npmjs.org/esutils/-/esutils-2.0.3.tgz attempt 1 failed with EACCES
939 http fetch GET https://registry.npmjs.org/estraverse/-/estraverse-5.3.0.tgz attempt 1 failed with EACCES
940 http fetch GET https://registry.npmjs.org/esquery/-/esquery-1.7.0.tgz attempt 1 failed with EACCES
941 http fetch GET https://registry.npmjs.org/eslint-visitor-keys/-/eslint-visitor-keys-4.2.1.tgz attempt 1 failed with EACCES
942 http fetch GET https://registry.npmjs.org/eslint-plugin-jsx-a11y/-/eslint-plugin-jsx-a11y-6.10.2.tgz attempt 1 failed with EACCES
943 http fetch GET https://registry.npmjs.org/eslint-scope/-/eslint-scope-8.4.0.tgz attempt 1 failed with EACCES
944 http fetch GET https://registry.npmjs.org/eslint-plugin-react-hooks/-/eslint-plugin-react-hooks-7.1.1.tgz attempt 1 failed with EACCES
945 http fetch GET https://registry.npmjs.org/eslint-plugin-react/-/eslint-plugin-react-7.37.5.tgz attempt 1 failed with EACCES
946 http fetch GET https://registry.npmjs.org/eslint-plugin-import/-/eslint-plugin-import-2.32.0.tgz attempt 1 failed with EACCES
947 http fetch GET https://registry.npmjs.org/eslint-module-utils/-/eslint-module-utils-2.14.0.tgz attempt 1 failed with EACCES
948 http fetch GET https://registry.npmjs.org/eslint-import-resolver-typescript/-/eslint-import-resolver-typescript-3.10.1.tgz attempt 1 failed with EACCES
949 http fetch GET https://registry.npmjs.org/eslint-import-resolver-node/-/eslint-import-resolver-node-0.3.10.tgz attempt 1 failed with EACCES
950 http fetch GET https://registry.npmjs.org/eslint-config-next/-/eslint-config-next-16.3.5.tgz attempt 1 failed with EACCES
951 http fetch GET https://registry.npmjs.org/es-to-primitive/-/es-to-primitive-1.3.4.tgz attempt 1 failed with EACCES
952 http fetch GET https://registry.npmjs.org/eslint/-/eslint-9.39.5.tgz attempt 1 failed with EACCES
953 http fetch GET https://registry.npmjs.org/es-shim-unscopables/-/es-shim-unscopables-1.1.0.tgz attempt 1 failed with EACCES
954 http fetch GET https://registry.npmjs.org/escalade/-/escalade-3.2.0.tgz attempt 1 failed with EACCES
955 http fetch GET https://registry.npmjs.org/es-iterator-helpers/-/es-iterator-helpers-1.4.0.tgz attempt 1 failed with EACCES
956 http fetch GET https://registry.npmjs.org/es-object-atoms/-/es-object-atoms-1.1.2.tgz attempt 1 failed with EACCES
957 http fetch GET https://registry.npmjs.org/escape-string-regexp/-/escape-string-regexp-4.0.0.tgz attempt 1 failed with EACCES
958 http fetch GET https://registry.npmjs.org/es-errors/-/es-errors-1.3.0.tgz attempt 1 failed with EACCES
959 http fetch GET https://registry.npmjs.org/es-set-tostringtag/-/es-set-tostringtag-2.1.0.tgz attempt 1 failed with EACCES
960 http fetch GET https://registry.npmjs.org/es-abstract/-/es-abstract-1.24.2.tgz attempt 1 failed with EACCES
961 http fetch GET https://registry.npmjs.org/es-abstract-get/-/es-abstract-get-1.0.0.tgz attempt 1 failed with EACCES
962 http fetch GET https://registry.npmjs.org/es-define-property/-/es-define-property-1.0.1.tgz attempt 1 failed with EACCES
963 http fetch GET https://registry.npmjs.org/enhanced-resolve/-/enhanced-resolve-5.25.0.tgz attempt 1 failed with EACCES
964 http fetch GET https://registry.npmjs.org/electron-to-chromium/-/electron-to-chromium-1.5.427.tgz attempt 1 failed with EACCES
965 http fetch GET https://registry.npmjs.org/dunder-proto/-/dunder-proto-1.0.1.tgz attempt 1 failed with EACCES
966 http fetch GET https://registry.npmjs.org/doctrine/-/doctrine-2.1.0.tgz attempt 1 failed with EACCES
967 http fetch GET https://registry.npmjs.org/deep-is/-/deep-is-0.1.4.tgz attempt 1 failed with EACCES
968 http fetch GET https://registry.npmjs.org/define-data-property/-/define-data-property-1.1.4.tgz attempt 1 failed with EACCES
969 http fetch GET https://registry.npmjs.org/detect-libc/-/detect-libc-2.1.2.tgz attempt 1 failed with EACCES
970 http fetch GET https://registry.npmjs.org/define-properties/-/define-properties-1.2.1.tgz attempt 1 failed with EACCES
971 http fetch GET https://registry.npmjs.org/debug/-/debug-4.4.3.tgz attempt 1 failed with EACCES
972 http fetch GET https://registry.npmjs.org/damerau-levenshtein/-/damerau-levenshtein-1.0.8.tgz attempt 1 failed with EACCES
973 http fetch GET https://registry.npmjs.org/emoji-regex/-/emoji-regex-9.2.2.tgz attempt 1 failed with EACCES
974 http fetch GET https://registry.npmjs.org/data-view-buffer/-/data-view-buffer-1.0.2.tgz attempt 1 failed with EACCES
975 http fetch GET https://registry.npmjs.org/data-view-byte-offset/-/data-view-byte-offset-1.0.1.tgz attempt 1 failed with EACCES
976 http fetch GET https://registry.npmjs.org/data-view-byte-length/-/data-view-byte-length-1.0.2.tgz attempt 1 failed with EACCES
977 http fetch GET https://registry.npmjs.org/csstype/-/csstype-3.2.3.tgz attempt 1 failed with EACCES
978 http fetch GET https://registry.npmjs.org/convert-source-map/-/convert-source-map-2.0.0.tgz attempt 1 failed with EACCES
979 http fetch GET https://registry.npmjs.org/cross-spawn/-/cross-spawn-7.0.6.tgz attempt 1 failed with EACCES
980 http fetch GET https://registry.npmjs.org/concat-map/-/concat-map-0.0.1.tgz attempt 1 failed with EACCES
981 http fetch GET https://registry.npmjs.org/color-name/-/color-name-1.1.4.tgz attempt 1 failed with EACCES
982 http fetch GET https://registry.npmjs.org/clsx/-/clsx-2.1.1.tgz attempt 1 failed with EACCES
983 http fetch GET https://registry.npmjs.org/color-convert/-/color-convert-2.0.1.tgz attempt 1 failed with EACCES
984 http fetch GET https://registry.npmjs.org/client-only/-/client-only-0.0.1.tgz attempt 1 failed with EACCES
985 http fetch GET https://registry.npmjs.org/callsites/-/callsites-3.1.0.tgz attempt 1 failed with EACCES
986 http fetch GET https://registry.npmjs.org/caniuse-lite/-/caniuse-lite-1.0.30001810.tgz attempt 1 failed with EACCES
987 http fetch GET https://registry.npmjs.org/chalk/-/chalk-4.1.2.tgz attempt 1 failed with EACCES
988 http fetch GET https://registry.npmjs.org/call-bound/-/call-bound-1.0.4.tgz attempt 1 failed with EACCES
989 http fetch GET https://registry.npmjs.org/call-bind-apply-helpers/-/call-bind-apply-helpers-1.0.2.tgz attempt 1 failed with EACCES
990 http fetch GET https://registry.npmjs.org/browserslist/-/browserslist-4.28.9.tgz attempt 1 failed with EACCES
991 http fetch GET https://registry.npmjs.org/braces/-/braces-3.0.3.tgz attempt 1 failed with EACCES
992 http fetch GET https://registry.npmjs.org/call-bind/-/call-bind-1.0.9.tgz attempt 1 failed with EACCES
993 http fetch GET https://registry.npmjs.org/brace-expansion/-/brace-expansion-1.1.18.tgz attempt 1 failed with EACCES
994 http fetch GET https://registry.npmjs.org/baseline-browser-mapping/-/baseline-browser-mapping-2.11.23.tgz attempt 1 failed with EACCES
995 http fetch GET https://registry.npmjs.org/axobject-query/-/axobject-query-4.1.0.tgz attempt 1 failed with EACCES
996 http fetch GET https://registry.npmjs.org/balanced-match/-/balanced-match-1.0.2.tgz attempt 1 failed with EACCES
997 http fetch GET https://registry.npmjs.org/axe-core/-/axe-core-4.13.0.tgz attempt 1 failed with EACCES
998 http fetch GET https://registry.npmjs.org/available-typed-arrays/-/available-typed-arrays-1.0.7.tgz attempt 1 failed with EACCES
999 http fetch GET https://registry.npmjs.org/async-function/-/async-function-1.0.0.tgz attempt 1 failed with EACCES
1000 http fetch GET https://registry.npmjs.org/espree/-/espree-10.4.0.tgz attempt 1 failed with EACCES
1001 http fetch GET https://registry.npmjs.org/esrecurse/-/esrecurse-4.3.0.tgz attempt 1 failed with EACCES
1002 http fetch GET https://registry.npmjs.org/arraybuffer.prototype.slice/-/arraybuffer.prototype.slice-1.0.4.tgz attempt 1 failed with EACCES
1003 http fetch GET https://registry.npmjs.org/ast-types-flow/-/ast-types-flow-0.0.8.tgz attempt 1 failed with EACCES
1004 http fetch GET https://registry.npmjs.org/array.prototype.tosorted/-/array.prototype.tosorted-1.1.4.tgz attempt 1 failed with EACCES
1005 http fetch GET https://registry.npmjs.org/array.prototype.findlastindex/-/array.prototype.findlastindex-1.2.6.tgz attempt 1 failed with EACCES
1006 http fetch GET https://registry.npmjs.org/array.prototype.flat/-/array.prototype.flat-1.3.3.tgz attempt 1 failed with EACCES
1007 http fetch GET https://registry.npmjs.org/array.prototype.flatmap/-/array.prototype.flatmap-1.3.3.tgz attempt 1 failed with EACCES
1008 http fetch GET https://registry.npmjs.org/array.prototype.findlast/-/array.prototype.findlast-1.2.5.tgz attempt 1 failed with EACCES
1009 http fetch GET https://registry.npmjs.org/array-buffer-byte-length/-/array-buffer-byte-length-1.0.2.tgz attempt 1 failed with EACCES
1010 http fetch GET https://registry.npmjs.org/aria-query/-/aria-query-5.3.2.tgz attempt 1 failed with EACCES
1011 http fetch GET https://registry.npmjs.org/array-includes/-/array-includes-3.2.0.tgz attempt 1 failed with EACCES
1012 http fetch GET https://registry.npmjs.org/argparse/-/argparse-2.0.1.tgz attempt 1 failed with EACCES
1013 http fetch GET https://registry.npmjs.org/ansi-styles/-/ansi-styles-4.3.0.tgz attempt 1 failed with EACCES
1014 http fetch GET https://registry.npmjs.org/ajv/-/ajv-6.15.0.tgz attempt 1 failed with EACCES
1015 http fetch GET https://registry.npmjs.org/acorn-jsx/-/acorn-jsx-5.3.2.tgz attempt 1 failed with EACCES
1016 http fetch GET https://registry.npmjs.org/acorn/-/acorn-8.18.0.tgz attempt 1 failed with EACCES
1017 http fetch GET https://registry.npmjs.org/@unrs/resolver-binding-win32-x64-msvc/-/resolver-binding-win32-x64-msvc-1.12.2.tgz attempt 1 failed with EACCES
1018 http fetch GET https://registry.npmjs.org/@typescript-eslint/visitor-keys/-/visitor-keys-8.70.0.tgz attempt 1 failed with EACCES
1019 http fetch GET https://registry.npmjs.org/@typescript-eslint/utils/-/utils-8.70.0.tgz attempt 1 failed with EACCES
1020 http fetch GET https://registry.npmjs.org/@typescript-eslint/typescript-estree/-/typescript-estree-8.70.0.tgz attempt 1 failed with EACCES
1021 http fetch GET https://registry.npmjs.org/@typescript-eslint/types/-/types-8.70.0.tgz attempt 1 failed with EACCES
1022 http fetch GET https://registry.npmjs.org/@typescript-eslint/type-utils/-/type-utils-8.70.0.tgz attempt 1 failed with EACCES
1023 http fetch GET https://registry.npmjs.org/@typescript-eslint/project-service/-/project-service-8.70.0.tgz attempt 1 failed with EACCES
1024 http fetch GET https://registry.npmjs.org/@typescript-eslint/tsconfig-utils/-/tsconfig-utils-8.70.0.tgz attempt 1 failed with EACCES
1025 http fetch GET https://registry.npmjs.org/@typescript-eslint/parser/-/parser-8.70.0.tgz attempt 1 failed with EACCES
1026 http fetch GET https://registry.npmjs.org/@typescript-eslint/eslint-plugin/-/eslint-plugin-8.70.0.tgz attempt 1 failed with EACCES
1027 http fetch GET https://registry.npmjs.org/@types/node/-/node-24.13.4.tgz attempt 1 failed with EACCES
1028 http fetch GET https://registry.npmjs.org/@types/react-dom/-/react-dom-19.3.0.tgz attempt 1 failed with EACCES
1029 http fetch GET https://registry.npmjs.org/@types/react/-/react-19.3.0.tgz attempt 1 failed with EACCES
1030 http fetch GET https://registry.npmjs.org/@types/json5/-/json5-0.0.29.tgz attempt 1 failed with EACCES
1031 http fetch GET https://registry.npmjs.org/@tailwindcss/oxide-win32-x64-msvc/-/oxide-win32-x64-msvc-4.3.3.tgz attempt 1 failed with EACCES
1032 http fetch GET https://registry.npmjs.org/@types/json-schema/-/json-schema-7.0.15.tgz attempt 1 failed with EACCES
1033 http fetch GET https://registry.npmjs.org/@types/estree/-/estree-1.0.9.tgz attempt 1 failed with EACCES
1034 http fetch GET https://registry.npmjs.org/@tailwindcss/postcss/-/postcss-4.3.3.tgz attempt 1 failed with EACCES
1035 http fetch GET https://registry.npmjs.org/@tailwindcss/oxide/-/oxide-4.3.3.tgz attempt 1 failed with EACCES
1036 http fetch GET https://registry.npmjs.org/@rtsao/scc/-/scc-1.1.0.tgz attempt 1 failed with EACCES
1037 http fetch GET https://registry.npmjs.org/@playwright/test/-/test-1.63.0.tgz attempt 1 failed with EACCES
1038 http fetch GET https://registry.npmjs.org/@nolyfill/is-core-module/-/is-core-module-1.0.39.tgz attempt 1 failed with EACCES
1039 http fetch GET https://registry.npmjs.org/@tailwindcss/node/-/node-4.3.3.tgz attempt 1 failed with EACCES
1040 http fetch GET https://registry.npmjs.org/@swc/helpers/-/helpers-0.5.23.tgz attempt 1 failed with EACCES
1041 http fetch GET https://registry.npmjs.org/@typescript-eslint/scope-manager/-/scope-manager-8.70.0.tgz attempt 1 failed with EACCES
1042 http fetch GET https://registry.npmjs.org/@nodelib/fs.walk/-/fs.walk-1.2.8.tgz attempt 1 failed with EACCES
1043 http fetch GET https://registry.npmjs.org/@jridgewell/trace-mapping/-/trace-mapping-0.3.31.tgz attempt 1 failed with EACCES
1044 http fetch GET https://registry.npmjs.org/@nodelib/fs.stat/-/fs.stat-2.0.5.tgz attempt 1 failed with EACCES
1045 http fetch GET https://registry.npmjs.org/@jridgewell/sourcemap-codec/-/sourcemap-codec-1.6.0.tgz attempt 1 failed with EACCES
1046 http fetch GET https://registry.npmjs.org/@nodelib/fs.scandir/-/fs.scandir-2.1.5.tgz attempt 1 failed with EACCES
1047 http fetch GET https://registry.npmjs.org/@jridgewell/resolve-uri/-/resolve-uri-3.1.2.tgz attempt 1 failed with EACCES
1048 http fetch GET https://registry.npmjs.org/@jridgewell/remapping/-/remapping-2.3.5.tgz attempt 1 failed with EACCES
1049 http fetch GET https://registry.npmjs.org/@jridgewell/gen-mapping/-/gen-mapping-0.3.13.tgz attempt 1 failed with EACCES
1050 http fetch GET https://registry.npmjs.org/@next/eslint-plugin-next/-/eslint-plugin-next-16.3.5.tgz attempt 1 failed with EACCES
1051 http fetch GET https://registry.npmjs.org/@img/sharp-win32-x64/-/sharp-win32-x64-0.35.4.tgz attempt 1 failed with EACCES
1052 http fetch GET https://registry.npmjs.org/@next/swc-win32-x64-msvc/-/swc-win32-x64-msvc-16.3.5.tgz attempt 1 failed with EACCES
1053 http fetch GET https://registry.npmjs.org/@next/env/-/env-16.3.5.tgz attempt 1 failed with EACCES
1054 http fetch GET https://registry.npmjs.org/@img/colour/-/colour-1.1.0.tgz attempt 1 failed with EACCES
1055 http fetch GET https://registry.npmjs.org/@humanwhocodes/retry/-/retry-0.4.3.tgz attempt 1 failed with EACCES
1056 http fetch GET https://registry.npmjs.org/@humanfs/node/-/node-0.16.8.tgz attempt 1 failed with EACCES
1057 http fetch GET https://registry.npmjs.org/@humanfs/types/-/types-0.15.0.tgz attempt 1 failed with EACCES
1058 http fetch GET https://registry.npmjs.org/@humanwhocodes/module-importer/-/module-importer-1.0.1.tgz attempt 1 failed with EACCES
1059 http fetch GET https://registry.npmjs.org/@humanfs/core/-/core-0.19.2.tgz attempt 1 failed with EACCES
1060 http fetch GET https://registry.npmjs.org/@eslint/plugin-kit/-/plugin-kit-0.4.1.tgz attempt 1 failed with EACCES
1061 http fetch GET https://registry.npmjs.org/@eslint/js/-/js-9.39.5.tgz attempt 1 failed with EACCES
1062 http fetch GET https://registry.npmjs.org/@eslint/eslintrc/-/eslintrc-3.3.7.tgz attempt 1 failed with EACCES
1063 http fetch GET https://registry.npmjs.org/@eslint/core/-/core-0.17.0.tgz attempt 1 failed with EACCES
1064 http fetch GET https://registry.npmjs.org/@eslint-community/regexpp/-/regexpp-4.12.2.tgz attempt 1 failed with EACCES
1065 http fetch GET https://registry.npmjs.org/@eslint/config-helpers/-/config-helpers-0.4.2.tgz attempt 1 failed with EACCES
1066 http fetch GET https://registry.npmjs.org/@eslint/object-schema/-/object-schema-2.1.7.tgz attempt 1 failed with EACCES
1067 http fetch GET https://registry.npmjs.org/@eslint-community/eslint-utils/-/eslint-utils-4.10.1.tgz attempt 1 failed with EACCES
1068 http fetch GET https://registry.npmjs.org/@eslint/config-array/-/config-array-0.21.2.tgz attempt 1 failed with EACCES
1069 http fetch GET https://registry.npmjs.org/@babel/types/-/types-7.29.8.tgz attempt 1 failed with EACCES
1070 http fetch GET https://registry.npmjs.org/@babel/traverse/-/traverse-7.29.8.tgz attempt 1 failed with EACCES
1071 http fetch GET https://registry.npmjs.org/@babel/parser/-/parser-7.29.8.tgz attempt 1 failed with EACCES
1072 http fetch GET https://registry.npmjs.org/@babel/template/-/template-7.29.7.tgz attempt 1 failed with EACCES
1073 http fetch GET https://registry.npmjs.org/@babel/helper-validator-option/-/helper-validator-option-7.29.7.tgz attempt 1 failed with EACCES
1074 http fetch GET https://registry.npmjs.org/@babel/helpers/-/helpers-7.29.7.tgz attempt 1 failed with EACCES
1075 http fetch GET https://registry.npmjs.org/@babel/helper-validator-identifier/-/helper-validator-identifier-7.29.7.tgz attempt 1 failed with EACCES
1076 http fetch GET https://registry.npmjs.org/@babel/helper-string-parser/-/helper-string-parser-7.29.7.tgz attempt 1 failed with EACCES
1077 http fetch GET https://registry.npmjs.org/@babel/helper-module-imports/-/helper-module-imports-7.29.7.tgz attempt 1 failed with EACCES
1078 http fetch GET https://registry.npmjs.org/@babel/helper-globals/-/helper-globals-7.29.7.tgz attempt 1 failed with EACCES
1079 http fetch GET https://registry.npmjs.org/@babel/helper-compilation-targets/-/helper-compilation-targets-7.29.7.tgz attempt 1 failed with EACCES
1080 http fetch GET https://registry.npmjs.org/@babel/helper-module-transforms/-/helper-module-transforms-7.29.7.tgz attempt 1 failed with EACCES
1081 http fetch GET https://registry.npmjs.org/@babel/generator/-/generator-7.29.8.tgz attempt 1 failed with EACCES
1082 http fetch GET https://registry.npmjs.org/@babel/compat-data/-/compat-data-7.29.7.tgz attempt 1 failed with EACCES
1083 http fetch GET https://registry.npmjs.org/@babel/code-frame/-/code-frame-7.29.7.tgz attempt 1 failed with EACCES
1084 http fetch GET https://registry.npmjs.org/json5/-/json5-1.0.2.tgz attempt 1 failed with EACCES
1085 http fetch GET https://registry.npmjs.org/@alloc/quick-lru/-/quick-lru-5.3.0.tgz attempt 1 failed with EACCES
1086 http fetch GET https://registry.npmjs.org/semver/-/semver-7.8.5.tgz attempt 1 failed with EACCES
1087 http fetch GET https://registry.npmjs.org/picomatch/-/picomatch-4.0.7.tgz attempt 1 failed with EACCES
1088 http fetch GET https://registry.npmjs.org/fdir/-/fdir-6.5.0.tgz attempt 1 failed with EACCES
1089 http fetch GET https://registry.npmjs.org/postcss/-/postcss-8.5.23.tgz attempt 1 failed with EACCES
1090 http fetch GET https://registry.npmjs.org/semver/-/semver-7.8.5.tgz attempt 1 failed with EACCES
1091 http fetch GET https://registry.npmjs.org/glob-parent/-/glob-parent-5.1.2.tgz attempt 1 failed with EACCES
1092 http fetch GET https://registry.npmjs.org/debug/-/debug-3.2.7.tgz attempt 1 failed with EACCES
1093 http fetch GET https://registry.npmjs.org/debug/-/debug-3.2.7.tgz attempt 1 failed with EACCES
1094 http fetch GET https://registry.npmjs.org/debug/-/debug-3.2.7.tgz attempt 1 failed with EACCES
1095 http fetch GET https://registry.npmjs.org/eslint-visitor-keys/-/eslint-visitor-keys-5.0.1.tgz attempt 1 failed with EACCES
1096 http fetch GET https://registry.npmjs.org/globals/-/globals-16.4.0.tgz attempt 1 failed with EACCES
1097 http fetch GET https://registry.npmjs.org/semver/-/semver-7.8.5.tgz attempt 1 failed with EACCES
1098 http fetch GET https://registry.npmjs.org/@babel/core/-/core-7.29.7.tgz attempt 1 failed with EACCES
1099 http fetch GET https://registry.npmjs.org/minimatch/-/minimatch-10.2.6.tgz attempt 1 failed with EACCES
1100 http fetch GET https://registry.npmjs.org/brace-expansion/-/brace-expansion-5.0.9.tgz attempt 1 failed with EACCES
1101 http fetch GET https://registry.npmjs.org/ignore/-/ignore-7.0.9.tgz attempt 1 failed with EACCES
1102 http fetch GET https://registry.npmjs.org/balanced-match/-/balanced-match-4.0.4.tgz attempt 1 failed with EACCES
1103 http fetch GET https://registry.npmjs.org/@eslint-community/eslint-utils/-/eslint-utils-4.9.1.tgz attempt 1 failed with EACCES
1104 http fetch GET https://registry.npmjs.org/eslint-visitor-keys/-/eslint-visitor-keys-3.4.3.tgz attempt 1 failed with EACCES
1105 http fetch GET https://registry.npmjs.org/eslint-visitor-keys/-/eslint-visitor-keys-3.4.3.tgz attempt 1 failed with EACCES
1106 http fetch GET https://registry.npmjs.org/npm attempt 2 failed with EACCES
1107 http fetch GET https://registry.npmjs.org/zod/-/zod-4.6.2.tgz attempt 2 failed with EACCES
1108 http fetch GET https://registry.npmjs.org/yocto-queue/-/yocto-queue-0.1.0.tgz attempt 2 failed with EACCES
1109 http fetch GET https://registry.npmjs.org/yallist/-/yallist-3.1.1.tgz attempt 2 failed with EACCES
1110 http fetch GET https://registry.npmjs.org/which-typed-array/-/which-typed-array-1.1.22.tgz attempt 2 failed with EACCES
1111 http fetch GET https://registry.npmjs.org/which-collection/-/which-collection-1.0.2.tgz attempt 2 failed with EACCES
1112 http fetch GET https://registry.npmjs.org/which-builtin-type/-/which-builtin-type-1.2.1.tgz attempt 2 failed with EACCES
1113 http fetch GET https://registry.npmjs.org/uri-js/-/uri-js-4.4.1.tgz attempt 2 failed with EACCES
1114 http fetch GET https://registry.npmjs.org/word-wrap/-/word-wrap-1.2.5.tgz attempt 2 failed with EACCES
1115 http fetch GET https://registry.npmjs.org/zod-validation-error/-/zod-validation-error-4.0.2.tgz attempt 2 failed with EACCES
1116 http fetch GET https://registry.npmjs.org/which/-/which-2.0.2.tgz attempt 2 failed with EACCES
1117 http fetch GET https://registry.npmjs.org/update-browserslist-db/-/update-browserslist-db-1.3.3.tgz attempt 2 failed with EACCES
1118 http fetch GET https://registry.npmjs.org/unrs-resolver/-/unrs-resolver-1.12.2.tgz attempt 2 failed with EACCES
1119 http fetch GET https://registry.npmjs.org/undici-types/-/undici-types-7.18.2.tgz attempt 2 failed with EACCES
1120 http fetch GET https://registry.npmjs.org/unbox-primitive/-/unbox-primitive-1.1.0.tgz attempt 2 failed with EACCES
1121 http fetch GET https://registry.npmjs.org/typescript/-/typescript-5.9.3.tgz attempt 2 failed with EACCES
1122 http fetch GET https://registry.npmjs.org/typed-array-length/-/typed-array-length-1.0.8.tgz attempt 2 failed with EACCES
1123 http fetch GET https://registry.npmjs.org/which-boxed-primitive/-/which-boxed-primitive-1.1.1.tgz attempt 2 failed with EACCES
1124 http fetch GET https://registry.npmjs.org/typed-array-byte-offset/-/typed-array-byte-offset-1.0.4.tgz attempt 2 failed with EACCES
1125 http fetch GET https://registry.npmjs.org/typed-array-byte-length/-/typed-array-byte-length-1.0.3.tgz attempt 2 failed with EACCES
1126 http fetch GET https://registry.npmjs.org/typescript-eslint/-/typescript-eslint-8.70.0.tgz attempt 2 failed with EACCES
1127 http fetch GET https://registry.npmjs.org/type-check/-/type-check-0.4.0.tgz attempt 2 failed with EACCES
1128 http fetch GET https://registry.npmjs.org/tslib/-/tslib-2.8.1.tgz attempt 2 failed with EACCES
1129 http fetch GET https://registry.npmjs.org/tsconfig-paths/-/tsconfig-paths-3.15.0.tgz attempt 2 failed with EACCES
1130 http fetch GET https://registry.npmjs.org/to-regex-range/-/to-regex-range-5.0.1.tgz attempt 2 failed with EACCES
1131 http fetch GET https://registry.npmjs.org/typed-array-buffer/-/typed-array-buffer-1.0.3.tgz attempt 2 failed with EACCES
1132 http fetch GET https://registry.npmjs.org/tinyglobby/-/tinyglobby-0.2.17.tgz attempt 2 failed with EACCES
1133 http fetch GET https://registry.npmjs.org/tailwindcss/-/tailwindcss-4.3.3.tgz attempt 2 failed with EACCES
1134 http fetch GET https://registry.npmjs.org/tapable/-/tapable-2.3.3.tgz attempt 2 failed with EACCES
1135 http fetch GET https://registry.npmjs.org/ts-api-utils/-/ts-api-utils-2.5.0.tgz attempt 2 failed with EACCES
1136 http fetch GET https://registry.npmjs.org/supports-preserve-symlinks-flag/-/supports-preserve-symlinks-flag-1.0.0.tgz attempt 2 failed with EACCES
1137 http fetch GET https://registry.npmjs.org/tailwind-merge/-/tailwind-merge-3.6.0.tgz attempt 2 failed with EACCES
1138 http fetch GET https://registry.npmjs.org/supports-color/-/supports-color-7.2.0.tgz attempt 2 failed with EACCES
1139 http fetch GET https://registry.npmjs.org/styled-jsx/-/styled-jsx-5.1.6.tgz attempt 2 failed with EACCES
1140 http fetch GET https://registry.npmjs.org/strip-json-comments/-/strip-json-comments-3.1.1.tgz attempt 2 failed with EACCES
1141 http fetch GET https://registry.npmjs.org/strip-bom/-/strip-bom-3.0.0.tgz attempt 2 failed with EACCES
1142 http fetch GET https://registry.npmjs.org/string.prototype.trimstart/-/string.prototype.trimstart-1.0.8.tgz attempt 2 failed with EACCES
1143 http fetch GET https://registry.npmjs.org/string.prototype.trim/-/string.prototype.trim-1.2.11.tgz attempt 2 failed with EACCES
1144 http fetch GET https://registry.npmjs.org/string.prototype.repeat/-/string.prototype.repeat-1.0.0.tgz attempt 2 failed with EACCES
1145 http fetch GET https://registry.npmjs.org/string.prototype.trimend/-/string.prototype.trimend-1.0.10.tgz attempt 2 failed with EACCES
1146 http fetch GET https://registry.npmjs.org/string.prototype.matchall/-/string.prototype.matchall-4.1.0.tgz attempt 2 failed with EACCES
1147 http fetch GET https://registry.npmjs.org/string.prototype.includes/-/string.prototype.includes-2.0.1.tgz attempt 2 failed with EACCES
1148 http fetch GET https://registry.npmjs.org/stop-iteration-iterator/-/stop-iteration-iterator-1.1.0.tgz attempt 2 failed with EACCES
1149 http fetch GET https://registry.npmjs.org/stable-hash/-/stable-hash-0.0.5.tgz attempt 2 failed with EACCES
1150 http fetch GET https://registry.npmjs.org/source-map-js/-/source-map-js-1.2.1.tgz attempt 2 failed with EACCES
1151 http fetch GET https://registry.npmjs.org/side-channel-map/-/side-channel-map-1.0.1.tgz attempt 2 failed with EACCES
1152 http fetch GET https://registry.npmjs.org/side-channel-weakmap/-/side-channel-weakmap-1.0.2.tgz attempt 2 failed with EACCES
1153 http fetch GET https://registry.npmjs.org/side-channel-list/-/side-channel-list-1.0.1.tgz attempt 2 failed with EACCES
1154 http fetch GET https://registry.npmjs.org/side-channel/-/side-channel-1.1.1.tgz attempt 2 failed with EACCES
1155 http fetch GET https://registry.npmjs.org/shebang-regex/-/shebang-regex-3.0.0.tgz attempt 2 failed with EACCES
1156 http fetch GET https://registry.npmjs.org/shebang-command/-/shebang-command-2.0.0.tgz attempt 2 failed with EACCES
1157 http fetch GET https://registry.npmjs.org/set-proto/-/set-proto-1.0.0.tgz attempt 2 failed with EACCES
1158 http fetch GET https://registry.npmjs.org/sharp/-/sharp-0.35.4.tgz attempt 2 failed with EACCES
1159 http fetch GET https://registry.npmjs.org/set-function-name/-/set-function-name-2.0.2.tgz attempt 2 failed with EACCES
1160 http fetch GET https://registry.npmjs.org/set-function-length/-/set-function-length-1.2.2.tgz attempt 2 failed with EACCES
1161 http fetch GET https://registry.npmjs.org/semver/-/semver-6.3.1.tgz attempt 2 failed with EACCES
1162 http fetch GET https://registry.npmjs.org/scheduler/-/scheduler-0.28.0.tgz attempt 2 failed with EACCES
1163 http fetch GET https://registry.npmjs.org/safe-regex-test/-/safe-regex-test-1.1.0.tgz attempt 2 failed with EACCES
1164 http fetch GET https://registry.npmjs.org/safe-push-apply/-/safe-push-apply-1.0.0.tgz attempt 2 failed with EACCES
1165 http fetch GET https://registry.npmjs.org/run-parallel/-/run-parallel-1.2.0.tgz attempt 2 failed with EACCES
1166 http fetch GET https://registry.npmjs.org/safe-array-concat/-/safe-array-concat-1.1.4.tgz attempt 2 failed with EACCES
1167 http fetch GET https://registry.npmjs.org/resolve-pkg-maps/-/resolve-pkg-maps-1.0.0.tgz attempt 2 failed with EACCES
1168 http fetch GET https://registry.npmjs.org/reusify/-/reusify-1.1.0.tgz attempt 2 failed with EACCES
1169 http fetch GET https://registry.npmjs.org/resolve-from/-/resolve-from-4.0.0.tgz attempt 2 failed with EACCES
1170 http fetch GET https://registry.npmjs.org/resolve/-/resolve-2.0.0-next.7.tgz attempt 2 failed with EACCES
1171 http fetch GET https://registry.npmjs.org/regexp.prototype.flags/-/regexp.prototype.flags-1.5.4.tgz attempt 2 failed with EACCES
1172 http fetch GET https://registry.npmjs.org/reflect.getprototypeof/-/reflect.getprototypeof-1.0.10.tgz attempt 2 failed with EACCES
1173 http fetch GET https://registry.npmjs.org/react-is/-/react-is-16.13.1.tgz attempt 2 failed with EACCES
1174 http fetch GET https://registry.npmjs.org/react-dom/-/react-dom-19.3.0.tgz attempt 2 failed with EACCES
1175 http fetch GET https://registry.npmjs.org/react/-/react-19.3.0.tgz attempt 2 failed with EACCES
1176 http fetch GET https://registry.npmjs.org/queue-microtask/-/queue-microtask-1.2.3.tgz attempt 2 failed with EACCES
1177 http fetch GET https://registry.npmjs.org/punycode/-/punycode-2.3.1.tgz attempt 2 failed with EACCES
1178 http fetch GET https://registry.npmjs.org/prop-types/-/prop-types-15.8.1.tgz attempt 2 failed with EACCES
1179 http fetch GET https://registry.npmjs.org/prelude-ls/-/prelude-ls-1.2.1.tgz attempt 2 failed with EACCES
1180 http fetch GET https://registry.npmjs.org/postcss/-/postcss-8.5.28.tgz attempt 2 failed with EACCES
1181 http fetch GET https://registry.npmjs.org/possible-typed-array-names/-/possible-typed-array-names-1.1.0.tgz attempt 2 failed with EACCES
1182 http fetch GET https://registry.npmjs.org/playwright-core/-/playwright-core-1.63.0.tgz attempt 2 failed with EACCES
1183 http fetch GET https://registry.npmjs.org/playwright/-/playwright-1.63.0.tgz attempt 2 failed with EACCES
1184 http fetch GET https://registry.npmjs.org/picocolors/-/picocolors-1.1.1.tgz attempt 2 failed with EACCES
1185 http fetch GET https://registry.npmjs.org/picomatch/-/picomatch-2.3.2.tgz attempt 2 failed with EACCES
1186 http fetch GET https://registry.npmjs.org/path-key/-/path-key-3.1.1.tgz attempt 2 failed with EACCES
1187 http fetch GET https://registry.npmjs.org/parent-module/-/parent-module-1.0.1.tgz attempt 2 failed with EACCES
1188 http fetch GET https://registry.npmjs.org/path-exists/-/path-exists-4.0.0.tgz attempt 2 failed with EACCES
1189 http fetch GET https://registry.npmjs.org/p-locate/-/p-locate-5.0.0.tgz attempt 2 failed with EACCES
1190 http fetch GET https://registry.npmjs.org/own-keys/-/own-keys-1.0.2.tgz attempt 2 failed with EACCES
1191 http fetch GET https://registry.npmjs.org/p-limit/-/p-limit-3.1.0.tgz attempt 2 failed with EACCES
1192 http fetch GET https://registry.npmjs.org/optionator/-/optionator-0.9.4.tgz attempt 2 failed with EACCES
1193 http fetch GET https://registry.npmjs.org/object.values/-/object.values-1.2.1.tgz attempt 2 failed with EACCES
1194 http fetch GET https://registry.npmjs.org/object.groupby/-/object.groupby-1.0.3.tgz attempt 2 failed with EACCES
1195 http fetch GET https://registry.npmjs.org/object.fromentries/-/object.fromentries-2.0.8.tgz attempt 2 failed with EACCES
1196 http fetch GET https://registry.npmjs.org/object-keys/-/object-keys-1.1.1.tgz attempt 2 failed with EACCES
1197 http fetch GET https://registry.npmjs.org/object.assign/-/object.assign-4.1.7.tgz attempt 2 failed with EACCES
1198 http fetch GET https://registry.npmjs.org/path-parse/-/path-parse-1.0.7.tgz attempt 2 failed with EACCES
1199 http fetch GET https://registry.npmjs.org/object-inspect/-/object-inspect-1.13.4.tgz attempt 2 failed with EACCES
1200 http fetch GET https://registry.npmjs.org/object-assign/-/object-assign-4.1.1.tgz attempt 2 failed with EACCES
1201 http fetch GET https://registry.npmjs.org/node-exports-info/-/node-exports-info-1.6.2.tgz attempt 2 failed with EACCES
1202 http fetch GET https://registry.npmjs.org/node-releases/-/node-releases-2.0.55.tgz attempt 2 failed with EACCES
1203 http fetch GET https://registry.npmjs.org/next/-/next-16.3.5.tgz attempt 2 failed with EACCES
1204 http fetch GET https://registry.npmjs.org/natural-compare/-/natural-compare-1.4.0.tgz attempt 2 failed with EACCES
1205 http fetch GET https://registry.npmjs.org/nanoid/-/nanoid-3.3.19.tgz attempt 2 failed with EACCES
1206 http fetch GET https://registry.npmjs.org/ms/-/ms-2.1.3.tgz attempt 2 failed with EACCES
1207 http fetch GET https://registry.npmjs.org/minimatch/-/minimatch-3.1.5.tgz attempt 2 failed with EACCES
1208 http fetch GET https://registry.npmjs.org/minimist/-/minimist-1.2.8.tgz attempt 2 failed with EACCES
1209 http fetch GET https://registry.npmjs.org/micromatch/-/micromatch-4.0.8.tgz attempt 2 failed with EACCES
1210 http fetch GET https://registry.npmjs.org/math-intrinsics/-/math-intrinsics-1.1.0.tgz attempt 2 failed with EACCES
1211 http fetch GET https://registry.npmjs.org/merge2/-/merge2-1.4.1.tgz attempt 2 failed with EACCES
1212 http fetch GET https://registry.npmjs.org/magic-string/-/magic-string-0.30.21.tgz attempt 2 failed with EACCES
1213 http fetch GET https://registry.npmjs.org/lru-cache/-/lru-cache-5.1.1.tgz attempt 2 failed with EACCES
1214 http fetch GET https://registry.npmjs.org/loose-envify/-/loose-envify-1.4.0.tgz attempt 2 failed with EACCES
1215 http fetch GET https://registry.npmjs.org/locate-path/-/locate-path-6.0.0.tgz attempt 2 failed with EACCES
1216 http fetch GET https://registry.npmjs.org/lodash.merge/-/lodash.merge-4.6.2.tgz attempt 2 failed with EACCES
1217 http fetch GET https://registry.npmjs.org/lightningcss/-/lightningcss-1.32.0.tgz attempt 2 failed with EACCES
1218 http fetch GET https://registry.npmjs.org/lightningcss-win32-x64-msvc/-/lightningcss-win32-x64-msvc-1.32.0.tgz attempt 2 failed with EACCES
1219 http fetch GET https://registry.npmjs.org/language-tags/-/language-tags-1.0.9.tgz attempt 2 failed with EACCES
1220 http fetch GET https://registry.npmjs.org/levn/-/levn-0.4.1.tgz attempt 2 failed with EACCES
1221 http fetch GET https://registry.npmjs.org/napi-postinstall/-/napi-postinstall-0.3.4.tgz attempt 2 failed with EACCES
1222 http fetch GET https://registry.npmjs.org/object.entries/-/object.entries-1.1.9.tgz attempt 2 failed with EACCES
1223 http fetch GET https://registry.npmjs.org/language-subtag-registry/-/language-subtag-registry-0.3.23.tgz attempt 2 failed with EACCES
1224 http fetch GET https://registry.npmjs.org/keyv/-/keyv-4.5.4.tgz attempt 2 failed with EACCES
1225 http fetch GET https://registry.npmjs.org/jsx-ast-utils/-/jsx-ast-utils-3.3.5.tgz attempt 2 failed with EACCES
1226 http fetch GET https://registry.npmjs.org/json-stable-stringify-without-jsonify/-/json-stable-stringify-without-jsonify-1.0.1.tgz attempt 2 failed with EACCES
1227 http fetch GET https://registry.npmjs.org/json5/-/json5-2.2.3.tgz attempt 2 failed with EACCES
1228 http fetch GET https://registry.npmjs.org/json-schema-traverse/-/json-schema-traverse-0.4.1.tgz attempt 2 failed with EACCES
1229 http fetch GET https://registry.npmjs.org/json-buffer/-/json-buffer-3.0.1.tgz attempt 2 failed with EACCES
1230 http fetch GET https://registry.npmjs.org/js-yaml/-/js-yaml-4.3.2.tgz attempt 2 failed with EACCES
1231 http fetch GET https://registry.npmjs.org/jiti/-/jiti-2.7.0.tgz attempt 2 failed with EACCES
1232 http fetch GET https://registry.npmjs.org/jsesc/-/jsesc-3.1.0.tgz attempt 2 failed with EACCES
1233 http fetch GET https://registry.npmjs.org/iterator.prototype/-/iterator.prototype-1.1.5.tgz attempt 2 failed with EACCES
1234 http fetch GET https://registry.npmjs.org/isexe/-/isexe-2.0.0.tgz attempt 2 failed with EACCES
1235 http fetch GET https://registry.npmjs.org/js-tokens/-/js-tokens-4.0.0.tgz attempt 2 failed with EACCES
1236 http fetch GET https://registry.npmjs.org/is-weakmap/-/is-weakmap-2.0.2.tgz attempt 2 failed with EACCES
1237 http fetch GET https://registry.npmjs.org/is-weakref/-/is-weakref-1.1.1.tgz attempt 2 failed with EACCES
1238 http fetch GET https://registry.npmjs.org/isarray/-/isarray-2.0.5.tgz attempt 2 failed with EACCES
1239 http fetch GET https://registry.npmjs.org/is-weakset/-/is-weakset-2.0.4.tgz attempt 2 failed with EACCES
1240 http fetch GET https://registry.npmjs.org/is-symbol/-/is-symbol-1.1.1.tgz attempt 2 failed with EACCES
1241 http fetch GET https://registry.npmjs.org/is-set/-/is-set-2.0.3.tgz attempt 2 failed with EACCES
1242 http fetch GET https://registry.npmjs.org/is-shared-array-buffer/-/is-shared-array-buffer-1.0.4.tgz attempt 2 failed with EACCES
1243 http fetch GET https://registry.npmjs.org/is-regex/-/is-regex-1.2.1.tgz attempt 2 failed with EACCES
1244 http fetch GET https://registry.npmjs.org/is-number/-/is-number-7.0.0.tgz attempt 2 failed with EACCES
1245 http fetch GET https://registry.npmjs.org/is-number-object/-/is-number-object-1.1.1.tgz attempt 2 failed with EACCES
1246 http fetch GET https://registry.npmjs.org/is-map/-/is-map-2.0.3.tgz attempt 2 failed with EACCES
1247 http fetch GET https://registry.npmjs.org/is-negative-zero/-/is-negative-zero-2.0.3.tgz attempt 2 failed with EACCES
1248 http fetch GET https://registry.npmjs.org/is-generator-function/-/is-generator-function-1.1.2.tgz attempt 2 failed with EACCES
1249 http fetch GET https://registry.npmjs.org/is-finalizationregistry/-/is-finalizationregistry-1.1.1.tgz attempt 2 failed with EACCES
1250 http fetch GET https://registry.npmjs.org/is-extglob/-/is-extglob-2.1.1.tgz attempt 2 failed with EACCES
1251 http fetch GET https://registry.npmjs.org/is-date-object/-/is-date-object-1.1.0.tgz attempt 2 failed with EACCES
1252 http fetch GET https://registry.npmjs.org/is-string/-/is-string-1.1.1.tgz attempt 2 failed with EACCES
1253 http fetch GET https://registry.npmjs.org/is-glob/-/is-glob-4.0.3.tgz attempt 2 failed with EACCES
1254 http fetch GET https://registry.npmjs.org/is-core-module/-/is-core-module-2.16.2.tgz attempt 2 failed with EACCES
1255 http fetch GET https://registry.npmjs.org/is-document.all/-/is-document.all-1.0.0.tgz attempt 2 failed with EACCES
1256 http fetch GET https://registry.npmjs.org/is-typed-array/-/is-typed-array-1.1.15.tgz attempt 2 failed with EACCES
1257 http fetch GET https://registry.npmjs.org/is-data-view/-/is-data-view-1.0.2.tgz attempt 2 failed with EACCES
1258 http fetch GET https://registry.npmjs.org/is-callable/-/is-callable-1.2.7.tgz attempt 2 failed with EACCES
1259 http fetch GET https://registry.npmjs.org/is-bun-module/-/is-bun-module-2.0.0.tgz attempt 2 failed with EACCES
1260 http fetch GET https://registry.npmjs.org/is-bigint/-/is-bigint-1.1.0.tgz attempt 2 failed with EACCES
1261 http fetch GET https://registry.npmjs.org/is-boolean-object/-/is-boolean-object-1.2.2.tgz attempt 2 failed with EACCES
1262 http fetch GET https://registry.npmjs.org/is-array-buffer/-/is-array-buffer-3.0.5.tgz attempt 2 failed with EACCES
1263 http fetch GET https://registry.npmjs.org/is-async-function/-/is-async-function-2.1.1.tgz attempt 2 failed with EACCES
1264 http fetch GET https://registry.npmjs.org/internal-slot/-/internal-slot-1.1.0.tgz attempt 2 failed with EACCES
1265 http fetch GET https://registry.npmjs.org/imurmurhash/-/imurmurhash-0.1.4.tgz attempt 2 failed with EACCES
1266 http fetch GET https://registry.npmjs.org/import-fresh/-/import-fresh-3.3.1.tgz attempt 2 failed with EACCES
1267 http fetch GET https://registry.npmjs.org/ignore/-/ignore-5.3.2.tgz attempt 2 failed with EACCES
1268 http fetch GET https://registry.npmjs.org/hermes-parser/-/hermes-parser-0.25.1.tgz attempt 2 failed with EACCES
1269 http fetch GET https://registry.npmjs.org/hermes-estree/-/hermes-estree-0.25.1.tgz attempt 2 failed with EACCES
1270 http fetch GET https://registry.npmjs.org/hasown/-/hasown-2.0.4.tgz attempt 2 failed with EACCES
1271 http fetch GET https://registry.npmjs.org/has-tostringtag/-/has-tostringtag-1.0.2.tgz attempt 2 failed with EACCES
1272 http fetch GET https://registry.npmjs.org/has-proto/-/has-proto-1.2.0.tgz attempt 2 failed with EACCES
1273 http fetch GET https://registry.npmjs.org/has-property-descriptors/-/has-property-descriptors-1.0.2.tgz attempt 2 failed with EACCES
1274 http fetch GET https://registry.npmjs.org/has-symbols/-/has-symbols-1.1.0.tgz attempt 2 failed with EACCES
1275 http fetch GET https://registry.npmjs.org/graceful-fs/-/graceful-fs-4.2.11.tgz attempt 2 failed with EACCES
1276 http fetch GET https://registry.npmjs.org/has-flag/-/has-flag-4.0.0.tgz attempt 2 failed with EACCES
1277 http fetch GET https://registry.npmjs.org/gopd/-/gopd-1.2.0.tgz attempt 2 failed with EACCES
1278 http fetch GET https://registry.npmjs.org/has-bigints/-/has-bigints-1.1.0.tgz attempt 2 failed with EACCES
1279 http fetch GET https://registry.npmjs.org/globalthis/-/globalthis-1.0.4.tgz attempt 2 failed with EACCES
1280 http fetch GET https://registry.npmjs.org/globals/-/globals-14.0.0.tgz attempt 2 failed with EACCES
1281 http fetch GET https://registry.npmjs.org/glob-parent/-/glob-parent-6.0.2.tgz attempt 2 failed with EACCES
1282 http fetch GET https://registry.npmjs.org/get-tsconfig/-/get-tsconfig-4.14.3.tgz attempt 2 failed with EACCES
1283 http fetch GET https://registry.npmjs.org/get-proto/-/get-proto-1.0.1.tgz attempt 2 failed with EACCES
1284 http fetch GET https://registry.npmjs.org/get-symbol-description/-/get-symbol-description-1.1.0.tgz attempt 2 failed with EACCES
1285 http fetch GET https://registry.npmjs.org/generator-function/-/generator-function-2.0.1.tgz attempt 2 failed with EACCES
1286 http fetch GET https://registry.npmjs.org/get-intrinsic/-/get-intrinsic-1.3.0.tgz attempt 2 failed with EACCES
1287 http fetch GET https://registry.npmjs.org/functions-have-names/-/functions-have-names-1.2.3.tgz attempt 2 failed with EACCES
1288 http fetch GET https://registry.npmjs.org/function-bind/-/function-bind-1.1.2.tgz attempt 2 failed with EACCES
1289 http fetch GET https://registry.npmjs.org/gensync/-/gensync-1.0.0-beta.2.tgz attempt 2 failed with EACCES
1290 http fetch GET https://registry.npmjs.org/for-each/-/for-each-0.3.5.tgz attempt 2 failed with EACCES
1291 http fetch GET https://registry.npmjs.org/flatted/-/flatted-3.4.4.tgz attempt 2 failed with EACCES
1292 http fetch GET https://registry.npmjs.org/find-up/-/find-up-5.0.0.tgz attempt 2 failed with EACCES
1293 http fetch GET https://registry.npmjs.org/flat-cache/-/flat-cache-4.0.1.tgz attempt 2 failed with EACCES
1294 http fetch GET https://registry.npmjs.org/file-entry-cache/-/file-entry-cache-8.0.0.tgz attempt 2 failed with EACCES
1295 http fetch GET https://registry.npmjs.org/fill-range/-/fill-range-7.1.1.tgz attempt 2 failed with EACCES
1296 http fetch GET https://registry.npmjs.org/fastq/-/fastq-1.20.3.tgz attempt 2 failed with EACCES
1297 http fetch GET https://registry.npmjs.org/function.prototype.name/-/function.prototype.name-1.2.0.tgz attempt 2 failed with EACCES
1298 http fetch GET https://registry.npmjs.org/fast-levenshtein/-/fast-levenshtein-2.0.6.tgz attempt 2 failed with EACCES
1299 http fetch GET https://registry.npmjs.org/fast-glob/-/fast-glob-3.3.1.tgz attempt 2 failed with EACCES
1300 http fetch GET https://registry.npmjs.org/fast-deep-equal/-/fast-deep-equal-3.1.3.tgz attempt 2 failed with EACCES
1301 http fetch GET https://registry.npmjs.org/fast-json-stable-stringify/-/fast-json-stable-stringify-2.1.0.tgz attempt 2 failed with EACCES
1302 http fetch GET https://registry.npmjs.org/esutils/-/esutils-2.0.3.tgz attempt 2 failed with EACCES
1303 http fetch GET https://registry.npmjs.org/estraverse/-/estraverse-5.3.0.tgz attempt 2 failed with EACCES
1304 http fetch GET https://registry.npmjs.org/esquery/-/esquery-1.7.0.tgz attempt 2 failed with EACCES
1305 http fetch GET https://registry.npmjs.org/eslint-visitor-keys/-/eslint-visitor-keys-4.2.1.tgz attempt 2 failed with EACCES
1306 http fetch GET https://registry.npmjs.org/eslint-plugin-jsx-a11y/-/eslint-plugin-jsx-a11y-6.10.2.tgz attempt 2 failed with EACCES
1307 http fetch GET https://registry.npmjs.org/eslint-scope/-/eslint-scope-8.4.0.tgz attempt 2 failed with EACCES
1308 http fetch GET https://registry.npmjs.org/eslint-plugin-react-hooks/-/eslint-plugin-react-hooks-7.1.1.tgz attempt 2 failed with EACCES
1309 http fetch GET https://registry.npmjs.org/eslint-plugin-react/-/eslint-plugin-react-7.37.5.tgz attempt 2 failed with EACCES
1310 http fetch GET https://registry.npmjs.org/eslint-plugin-import/-/eslint-plugin-import-2.32.0.tgz attempt 2 failed with EACCES
1311 http fetch GET https://registry.npmjs.org/eslint-module-utils/-/eslint-module-utils-2.14.0.tgz attempt 2 failed with EACCES
1312 http fetch GET https://registry.npmjs.org/eslint-import-resolver-typescript/-/eslint-import-resolver-typescript-3.10.1.tgz attempt 2 failed with EACCES
1313 http fetch GET https://registry.npmjs.org/eslint-import-resolver-node/-/eslint-import-resolver-node-0.3.10.tgz attempt 2 failed with EACCES
1314 http fetch GET https://registry.npmjs.org/eslint-config-next/-/eslint-config-next-16.3.5.tgz attempt 2 failed with EACCES
1315 http fetch GET https://registry.npmjs.org/es-to-primitive/-/es-to-primitive-1.3.4.tgz attempt 2 failed with EACCES
1316 http fetch GET https://registry.npmjs.org/eslint/-/eslint-9.39.5.tgz attempt 2 failed with EACCES
1317 http fetch GET https://registry.npmjs.org/es-shim-unscopables/-/es-shim-unscopables-1.1.0.tgz attempt 2 failed with EACCES
1318 http fetch GET https://registry.npmjs.org/escalade/-/escalade-3.2.0.tgz attempt 2 failed with EACCES
1319 http fetch GET https://registry.npmjs.org/es-iterator-helpers/-/es-iterator-helpers-1.4.0.tgz attempt 2 failed with EACCES
1320 http fetch GET https://registry.npmjs.org/es-object-atoms/-/es-object-atoms-1.1.2.tgz attempt 2 failed with EACCES
1321 http fetch GET https://registry.npmjs.org/escape-string-regexp/-/escape-string-regexp-4.0.0.tgz attempt 2 failed with EACCES
1322 http fetch GET https://registry.npmjs.org/es-errors/-/es-errors-1.3.0.tgz attempt 2 failed with EACCES
1323 http fetch GET https://registry.npmjs.org/es-set-tostringtag/-/es-set-tostringtag-2.1.0.tgz attempt 2 failed with EACCES
1324 http fetch GET https://registry.npmjs.org/es-abstract/-/es-abstract-1.24.2.tgz attempt 2 failed with EACCES
1325 http fetch GET https://registry.npmjs.org/es-abstract-get/-/es-abstract-get-1.0.0.tgz attempt 2 failed with EACCES
1326 http fetch GET https://registry.npmjs.org/es-define-property/-/es-define-property-1.0.1.tgz attempt 2 failed with EACCES
1327 http fetch GET https://registry.npmjs.org/enhanced-resolve/-/enhanced-resolve-5.25.0.tgz attempt 2 failed with EACCES
1328 http fetch GET https://registry.npmjs.org/electron-to-chromium/-/electron-to-chromium-1.5.427.tgz attempt 2 failed with EACCES
1329 http fetch GET https://registry.npmjs.org/dunder-proto/-/dunder-proto-1.0.1.tgz attempt 2 failed with EACCES
1330 http fetch GET https://registry.npmjs.org/doctrine/-/doctrine-2.1.0.tgz attempt 2 failed with EACCES
1331 http fetch GET https://registry.npmjs.org/deep-is/-/deep-is-0.1.4.tgz attempt 2 failed with EACCES
1332 http fetch GET https://registry.npmjs.org/define-data-property/-/define-data-property-1.1.4.tgz attempt 2 failed with EACCES
1333 http fetch GET https://registry.npmjs.org/detect-libc/-/detect-libc-2.1.2.tgz attempt 2 failed with EACCES
1334 http fetch GET https://registry.npmjs.org/define-properties/-/define-properties-1.2.1.tgz attempt 2 failed with EACCES
1335 http fetch GET https://registry.npmjs.org/debug/-/debug-4.4.3.tgz attempt 2 failed with EACCES
1336 http fetch GET https://registry.npmjs.org/damerau-levenshtein/-/damerau-levenshtein-1.0.8.tgz attempt 2 failed with EACCES
1337 http fetch GET https://registry.npmjs.org/emoji-regex/-/emoji-regex-9.2.2.tgz attempt 2 failed with EACCES
1338 http fetch GET https://registry.npmjs.org/data-view-buffer/-/data-view-buffer-1.0.2.tgz attempt 2 failed with EACCES
1339 http fetch GET https://registry.npmjs.org/data-view-byte-offset/-/data-view-byte-offset-1.0.1.tgz attempt 2 failed with EACCES
1340 http fetch GET https://registry.npmjs.org/data-view-byte-length/-/data-view-byte-length-1.0.2.tgz attempt 2 failed with EACCES
1341 http fetch GET https://registry.npmjs.org/csstype/-/csstype-3.2.3.tgz attempt 2 failed with EACCES
1342 http fetch GET https://registry.npmjs.org/convert-source-map/-/convert-source-map-2.0.0.tgz attempt 2 failed with EACCES
1343 http fetch GET https://registry.npmjs.org/cross-spawn/-/cross-spawn-7.0.6.tgz attempt 2 failed with EACCES
1344 http fetch GET https://registry.npmjs.org/concat-map/-/concat-map-0.0.1.tgz attempt 2 failed with EACCES
1345 http fetch GET https://registry.npmjs.org/color-name/-/color-name-1.1.4.tgz attempt 2 failed with EACCES
1346 http fetch GET https://registry.npmjs.org/clsx/-/clsx-2.1.1.tgz attempt 2 failed with EACCES
1347 http fetch GET https://registry.npmjs.org/color-convert/-/color-convert-2.0.1.tgz attempt 2 failed with EACCES
1348 http fetch GET https://registry.npmjs.org/client-only/-/client-only-0.0.1.tgz attempt 2 failed with EACCES
1349 http fetch GET https://registry.npmjs.org/callsites/-/callsites-3.1.0.tgz attempt 2 failed with EACCES
1350 http fetch GET https://registry.npmjs.org/caniuse-lite/-/caniuse-lite-1.0.30001810.tgz attempt 2 failed with EACCES
1351 http fetch GET https://registry.npmjs.org/chalk/-/chalk-4.1.2.tgz attempt 2 failed with EACCES
1352 http fetch GET https://registry.npmjs.org/call-bound/-/call-bound-1.0.4.tgz attempt 2 failed with EACCES
1353 http fetch GET https://registry.npmjs.org/call-bind-apply-helpers/-/call-bind-apply-helpers-1.0.2.tgz attempt 2 failed with EACCES
1354 http fetch GET https://registry.npmjs.org/browserslist/-/browserslist-4.28.9.tgz attempt 2 failed with EACCES
1355 http fetch GET https://registry.npmjs.org/braces/-/braces-3.0.3.tgz attempt 2 failed with EACCES
1356 http fetch GET https://registry.npmjs.org/call-bind/-/call-bind-1.0.9.tgz attempt 2 failed with EACCES
1357 http fetch GET https://registry.npmjs.org/brace-expansion/-/brace-expansion-1.1.18.tgz attempt 2 failed with EACCES
1358 http fetch GET https://registry.npmjs.org/baseline-browser-mapping/-/baseline-browser-mapping-2.11.23.tgz attempt 2 failed with EACCES
1359 http fetch GET https://registry.npmjs.org/axobject-query/-/axobject-query-4.1.0.tgz attempt 2 failed with EACCES
1360 http fetch GET https://registry.npmjs.org/balanced-match/-/balanced-match-1.0.2.tgz attempt 2 failed with EACCES
1361 http fetch GET https://registry.npmjs.org/axe-core/-/axe-core-4.13.0.tgz attempt 2 failed with EACCES
1362 http fetch GET https://registry.npmjs.org/available-typed-arrays/-/available-typed-arrays-1.0.7.tgz attempt 2 failed with EACCES
1363 http fetch GET https://registry.npmjs.org/async-function/-/async-function-1.0.0.tgz attempt 2 failed with EACCES
1364 http fetch GET https://registry.npmjs.org/espree/-/espree-10.4.0.tgz attempt 2 failed with EACCES
1365 http fetch GET https://registry.npmjs.org/esrecurse/-/esrecurse-4.3.0.tgz attempt 2 failed with EACCES
1366 http fetch GET https://registry.npmjs.org/arraybuffer.prototype.slice/-/arraybuffer.prototype.slice-1.0.4.tgz attempt 2 failed with EACCES
1367 http fetch GET https://registry.npmjs.org/ast-types-flow/-/ast-types-flow-0.0.8.tgz attempt 2 failed with EACCES
1368 http fetch GET https://registry.npmjs.org/array.prototype.tosorted/-/array.prototype.tosorted-1.1.4.tgz attempt 2 failed with EACCES
1369 http fetch GET https://registry.npmjs.org/array.prototype.findlastindex/-/array.prototype.findlastindex-1.2.6.tgz attempt 2 failed with EACCES
1370 http fetch GET https://registry.npmjs.org/array.prototype.flat/-/array.prototype.flat-1.3.3.tgz attempt 2 failed with EACCES
1371 http fetch GET https://registry.npmjs.org/array.prototype.flatmap/-/array.prototype.flatmap-1.3.3.tgz attempt 2 failed with EACCES
1372 http fetch GET https://registry.npmjs.org/array.prototype.findlast/-/array.prototype.findlast-1.2.5.tgz attempt 2 failed with EACCES
1373 http fetch GET https://registry.npmjs.org/array-buffer-byte-length/-/array-buffer-byte-length-1.0.2.tgz attempt 2 failed with EACCES
1374 http fetch GET https://registry.npmjs.org/aria-query/-/aria-query-5.3.2.tgz attempt 2 failed with EACCES
1375 http fetch GET https://registry.npmjs.org/array-includes/-/array-includes-3.2.0.tgz attempt 2 failed with EACCES
1376 http fetch GET https://registry.npmjs.org/argparse/-/argparse-2.0.1.tgz attempt 2 failed with EACCES
1377 http fetch GET https://registry.npmjs.org/ansi-styles/-/ansi-styles-4.3.0.tgz attempt 2 failed with EACCES
1378 http fetch GET https://registry.npmjs.org/ajv/-/ajv-6.15.0.tgz attempt 2 failed with EACCES
1379 http fetch GET https://registry.npmjs.org/acorn-jsx/-/acorn-jsx-5.3.2.tgz attempt 2 failed with EACCES
1380 http fetch GET https://registry.npmjs.org/acorn/-/acorn-8.18.0.tgz attempt 2 failed with EACCES
1381 http fetch GET https://registry.npmjs.org/@unrs/resolver-binding-win32-x64-msvc/-/resolver-binding-win32-x64-msvc-1.12.2.tgz attempt 2 failed with EACCES
1382 http fetch GET https://registry.npmjs.org/@typescript-eslint/visitor-keys/-/visitor-keys-8.70.0.tgz attempt 2 failed with EACCES
1383 http fetch GET https://registry.npmjs.org/@typescript-eslint/utils/-/utils-8.70.0.tgz attempt 2 failed with EACCES
1384 http fetch GET https://registry.npmjs.org/@typescript-eslint/typescript-estree/-/typescript-estree-8.70.0.tgz attempt 2 failed with EACCES
1385 http fetch GET https://registry.npmjs.org/@typescript-eslint/types/-/types-8.70.0.tgz attempt 2 failed with EACCES
1386 http fetch GET https://registry.npmjs.org/@typescript-eslint/type-utils/-/type-utils-8.70.0.tgz attempt 2 failed with EACCES
1387 http fetch GET https://registry.npmjs.org/@typescript-eslint/project-service/-/project-service-8.70.0.tgz attempt 2 failed with EACCES
1388 http fetch GET https://registry.npmjs.org/@typescript-eslint/tsconfig-utils/-/tsconfig-utils-8.70.0.tgz attempt 2 failed with EACCES
1389 http fetch GET https://registry.npmjs.org/@typescript-eslint/parser/-/parser-8.70.0.tgz attempt 2 failed with EACCES
1390 http fetch GET https://registry.npmjs.org/@typescript-eslint/eslint-plugin/-/eslint-plugin-8.70.0.tgz attempt 2 failed with EACCES
1391 http fetch GET https://registry.npmjs.org/@types/node/-/node-24.13.4.tgz attempt 2 failed with EACCES
1392 http fetch GET https://registry.npmjs.org/@types/react-dom/-/react-dom-19.3.0.tgz attempt 2 failed with EACCES
1393 http fetch GET https://registry.npmjs.org/@types/react/-/react-19.3.0.tgz attempt 2 failed with EACCES
1394 http fetch GET https://registry.npmjs.org/@types/json5/-/json5-0.0.29.tgz attempt 2 failed with EACCES
1395 http fetch GET https://registry.npmjs.org/@tailwindcss/oxide-win32-x64-msvc/-/oxide-win32-x64-msvc-4.3.3.tgz attempt 2 failed with EACCES
1396 http fetch GET https://registry.npmjs.org/@types/json-schema/-/json-schema-7.0.15.tgz attempt 2 failed with EACCES
1397 http fetch GET https://registry.npmjs.org/@types/estree/-/estree-1.0.9.tgz attempt 2 failed with EACCES
1398 http fetch GET https://registry.npmjs.org/@tailwindcss/postcss/-/postcss-4.3.3.tgz attempt 2 failed with EACCES
1399 http fetch GET https://registry.npmjs.org/@tailwindcss/oxide/-/oxide-4.3.3.tgz attempt 2 failed with EACCES
1400 http fetch GET https://registry.npmjs.org/@rtsao/scc/-/scc-1.1.0.tgz attempt 2 failed with EACCES
1401 http fetch GET https://registry.npmjs.org/@playwright/test/-/test-1.63.0.tgz attempt 2 failed with EACCES
1402 http fetch GET https://registry.npmjs.org/@nolyfill/is-core-module/-/is-core-module-1.0.39.tgz attempt 2 failed with EACCES
1403 http fetch GET https://registry.npmjs.org/@tailwindcss/node/-/node-4.3.3.tgz attempt 2 failed with EACCES
1404 http fetch GET https://registry.npmjs.org/@swc/helpers/-/helpers-0.5.23.tgz attempt 2 failed with EACCES
1405 http fetch GET https://registry.npmjs.org/@typescript-eslint/scope-manager/-/scope-manager-8.70.0.tgz attempt 2 failed with EACCES
1406 http fetch GET https://registry.npmjs.org/@nodelib/fs.walk/-/fs.walk-1.2.8.tgz attempt 2 failed with EACCES
1407 http fetch GET https://registry.npmjs.org/@jridgewell/trace-mapping/-/trace-mapping-0.3.31.tgz attempt 2 failed with EACCES
1408 http fetch GET https://registry.npmjs.org/@nodelib/fs.stat/-/fs.stat-2.0.5.tgz attempt 2 failed with EACCES
1409 http fetch GET https://registry.npmjs.org/@jridgewell/sourcemap-codec/-/sourcemap-codec-1.6.0.tgz attempt 2 failed with EACCES
1410 http fetch GET https://registry.npmjs.org/@nodelib/fs.scandir/-/fs.scandir-2.1.5.tgz attempt 2 failed with EACCES
1411 http fetch GET https://registry.npmjs.org/@jridgewell/resolve-uri/-/resolve-uri-3.1.2.tgz attempt 2 failed with EACCES
1412 http fetch GET https://registry.npmjs.org/@jridgewell/remapping/-/remapping-2.3.5.tgz attempt 2 failed with EACCES
1413 http fetch GET https://registry.npmjs.org/@jridgewell/gen-mapping/-/gen-mapping-0.3.13.tgz attempt 2 failed with EACCES
1414 http fetch GET https://registry.npmjs.org/@next/eslint-plugin-next/-/eslint-plugin-next-16.3.5.tgz attempt 2 failed with EACCES
1415 http fetch GET https://registry.npmjs.org/@img/sharp-win32-x64/-/sharp-win32-x64-0.35.4.tgz attempt 2 failed with EACCES
1416 http fetch GET https://registry.npmjs.org/@next/swc-win32-x64-msvc/-/swc-win32-x64-msvc-16.3.5.tgz attempt 2 failed with EACCES
1417 http fetch GET https://registry.npmjs.org/@next/env/-/env-16.3.5.tgz attempt 2 failed with EACCES
1418 http fetch GET https://registry.npmjs.org/@img/colour/-/colour-1.1.0.tgz attempt 2 failed with EACCES
1419 http fetch GET https://registry.npmjs.org/@humanwhocodes/retry/-/retry-0.4.3.tgz attempt 2 failed with EACCES
1420 http fetch GET https://registry.npmjs.org/@humanfs/node/-/node-0.16.8.tgz attempt 2 failed with EACCES
1421 http fetch GET https://registry.npmjs.org/@humanfs/types/-/types-0.15.0.tgz attempt 2 failed with EACCES
1422 http fetch GET https://registry.npmjs.org/@humanwhocodes/module-importer/-/module-importer-1.0.1.tgz attempt 2 failed with EACCES
1423 http fetch GET https://registry.npmjs.org/@humanfs/core/-/core-0.19.2.tgz attempt 2 failed with EACCES
1424 http fetch GET https://registry.npmjs.org/@eslint/plugin-kit/-/plugin-kit-0.4.1.tgz attempt 2 failed with EACCES
1425 http fetch GET https://registry.npmjs.org/@eslint/js/-/js-9.39.5.tgz attempt 2 failed with EACCES
1426 http fetch GET https://registry.npmjs.org/@eslint/eslintrc/-/eslintrc-3.3.7.tgz attempt 2 failed with EACCES
1427 http fetch GET https://registry.npmjs.org/@eslint/core/-/core-0.17.0.tgz attempt 2 failed with EACCES
1428 http fetch GET https://registry.npmjs.org/@eslint-community/regexpp/-/regexpp-4.12.2.tgz attempt 2 failed with EACCES
1429 http fetch GET https://registry.npmjs.org/@eslint/config-helpers/-/config-helpers-0.4.2.tgz attempt 2 failed with EACCES
1430 http fetch GET https://registry.npmjs.org/@eslint/object-schema/-/object-schema-2.1.7.tgz attempt 2 failed with EACCES
1431 http fetch GET https://registry.npmjs.org/@eslint-community/eslint-utils/-/eslint-utils-4.10.1.tgz attempt 2 failed with EACCES
1432 http fetch GET https://registry.npmjs.org/@eslint/config-array/-/config-array-0.21.2.tgz attempt 2 failed with EACCES
1433 http fetch GET https://registry.npmjs.org/@babel/types/-/types-7.29.8.tgz attempt 2 failed with EACCES
1434 http fetch GET https://registry.npmjs.org/@babel/traverse/-/traverse-7.29.8.tgz attempt 2 failed with EACCES
1435 http fetch GET https://registry.npmjs.org/@babel/parser/-/parser-7.29.8.tgz attempt 2 failed with EACCES
1436 http fetch GET https://registry.npmjs.org/@babel/template/-/template-7.29.7.tgz attempt 2 failed with EACCES
1437 http fetch GET https://registry.npmjs.org/@babel/helper-validator-option/-/helper-validator-option-7.29.7.tgz attempt 2 failed with EACCES
1438 http fetch GET https://registry.npmjs.org/@babel/helpers/-/helpers-7.29.7.tgz attempt 2 failed with EACCES
1439 http fetch GET https://registry.npmjs.org/@babel/helper-validator-identifier/-/helper-validator-identifier-7.29.7.tgz attempt 2 failed with EACCES
1440 http fetch GET https://registry.npmjs.org/@babel/helper-string-parser/-/helper-string-parser-7.29.7.tgz attempt 2 failed with EACCES
1441 http fetch GET https://registry.npmjs.org/@babel/helper-module-imports/-/helper-module-imports-7.29.7.tgz attempt 2 failed with EACCES
1442 http fetch GET https://registry.npmjs.org/@babel/helper-globals/-/helper-globals-7.29.7.tgz attempt 2 failed with EACCES
1443 http fetch GET https://registry.npmjs.org/@babel/helper-compilation-targets/-/helper-compilation-targets-7.29.7.tgz attempt 2 failed with EACCES
1444 http fetch GET https://registry.npmjs.org/@babel/helper-module-transforms/-/helper-module-transforms-7.29.7.tgz attempt 2 failed with EACCES
1445 http fetch GET https://registry.npmjs.org/@babel/generator/-/generator-7.29.8.tgz attempt 2 failed with EACCES
1446 http fetch GET https://registry.npmjs.org/@babel/compat-data/-/compat-data-7.29.7.tgz attempt 2 failed with EACCES
1447 http fetch GET https://registry.npmjs.org/@babel/code-frame/-/code-frame-7.29.7.tgz attempt 2 failed with EACCES
1448 http fetch GET https://registry.npmjs.org/json5/-/json5-1.0.2.tgz attempt 2 failed with EACCES
1449 http fetch GET https://registry.npmjs.org/@alloc/quick-lru/-/quick-lru-5.3.0.tgz attempt 2 failed with EACCES
1450 http fetch GET https://registry.npmjs.org/semver/-/semver-7.8.5.tgz attempt 2 failed with EACCES
1451 http fetch GET https://registry.npmjs.org/picomatch/-/picomatch-4.0.7.tgz attempt 2 failed with EACCES
1452 http fetch GET https://registry.npmjs.org/fdir/-/fdir-6.5.0.tgz attempt 2 failed with EACCES
1453 http fetch GET https://registry.npmjs.org/postcss/-/postcss-8.5.23.tgz attempt 2 failed with EACCES
1454 http fetch GET https://registry.npmjs.org/semver/-/semver-7.8.5.tgz attempt 2 failed with EACCES
1455 http fetch GET https://registry.npmjs.org/glob-parent/-/glob-parent-5.1.2.tgz attempt 2 failed with EACCES
1456 http fetch GET https://registry.npmjs.org/debug/-/debug-3.2.7.tgz attempt 2 failed with EACCES
1457 http fetch GET https://registry.npmjs.org/debug/-/debug-3.2.7.tgz attempt 2 failed with EACCES
1458 http fetch GET https://registry.npmjs.org/debug/-/debug-3.2.7.tgz attempt 2 failed with EACCES
1459 http fetch GET https://registry.npmjs.org/eslint-visitor-keys/-/eslint-visitor-keys-5.0.1.tgz attempt 2 failed with EACCES
1460 http fetch GET https://registry.npmjs.org/globals/-/globals-16.4.0.tgz attempt 2 failed with EACCES
1461 http fetch GET https://registry.npmjs.org/semver/-/semver-7.8.5.tgz attempt 2 failed with EACCES
1462 http fetch GET https://registry.npmjs.org/@babel/core/-/core-7.29.7.tgz attempt 2 failed with EACCES
1463 http fetch GET https://registry.npmjs.org/minimatch/-/minimatch-10.2.6.tgz attempt 2 failed with EACCES
1464 http fetch GET https://registry.npmjs.org/brace-expansion/-/brace-expansion-5.0.9.tgz attempt 2 failed with EACCES
1465 http fetch GET https://registry.npmjs.org/ignore/-/ignore-7.0.9.tgz attempt 2 failed with EACCES
1466 http fetch GET https://registry.npmjs.org/balanced-match/-/balanced-match-4.0.4.tgz attempt 2 failed with EACCES
1467 http fetch GET https://registry.npmjs.org/@eslint-community/eslint-utils/-/eslint-utils-4.9.1.tgz attempt 2 failed with EACCES
1468 http fetch GET https://registry.npmjs.org/eslint-visitor-keys/-/eslint-visitor-keys-3.4.3.tgz attempt 2 failed with EACCES
1469 http fetch GET https://registry.npmjs.org/eslint-visitor-keys/-/eslint-visitor-keys-3.4.3.tgz attempt 2 failed with EACCES
1470 http fetch GET https://registry.npmjs.org/npm attempt 3 failed with EACCES
1471 http fetch GET https://registry.npmjs.org/zod/-/zod-4.6.2.tgz attempt 3 failed with EACCES
1472 http fetch GET https://registry.npmjs.org/yocto-queue/-/yocto-queue-0.1.0.tgz attempt 3 failed with EACCES
1473 http fetch GET https://registry.npmjs.org/yallist/-/yallist-3.1.1.tgz attempt 3 failed with EACCES
1474 http fetch GET https://registry.npmjs.org/which-typed-array/-/which-typed-array-1.1.22.tgz attempt 3 failed with EACCES
1475 http fetch GET https://registry.npmjs.org/which-collection/-/which-collection-1.0.2.tgz attempt 3 failed with EACCES
1476 http fetch GET https://registry.npmjs.org/which-builtin-type/-/which-builtin-type-1.2.1.tgz attempt 3 failed with EACCES
1477 http fetch GET https://registry.npmjs.org/uri-js/-/uri-js-4.4.1.tgz attempt 3 failed with EACCES
1478 http fetch GET https://registry.npmjs.org/word-wrap/-/word-wrap-1.2.5.tgz attempt 3 failed with EACCES
1479 http fetch GET https://registry.npmjs.org/zod-validation-error/-/zod-validation-error-4.0.2.tgz attempt 3 failed with EACCES
1480 http fetch GET https://registry.npmjs.org/which/-/which-2.0.2.tgz attempt 3 failed with EACCES
1481 http fetch GET https://registry.npmjs.org/update-browserslist-db/-/update-browserslist-db-1.3.3.tgz attempt 3 failed with EACCES
1482 http fetch GET https://registry.npmjs.org/unrs-resolver/-/unrs-resolver-1.12.2.tgz attempt 3 failed with EACCES
1483 http fetch GET https://registry.npmjs.org/undici-types/-/undici-types-7.18.2.tgz attempt 3 failed with EACCES
1484 http fetch GET https://registry.npmjs.org/unbox-primitive/-/unbox-primitive-1.1.0.tgz attempt 3 failed with EACCES
1485 http fetch GET https://registry.npmjs.org/typescript/-/typescript-5.9.3.tgz attempt 3 failed with EACCES
1486 http fetch GET https://registry.npmjs.org/typed-array-length/-/typed-array-length-1.0.8.tgz attempt 3 failed with EACCES
1487 http fetch GET https://registry.npmjs.org/which-boxed-primitive/-/which-boxed-primitive-1.1.1.tgz attempt 3 failed with EACCES
1488 http fetch GET https://registry.npmjs.org/typed-array-byte-offset/-/typed-array-byte-offset-1.0.4.tgz attempt 3 failed with EACCES
1489 http fetch GET https://registry.npmjs.org/typed-array-byte-length/-/typed-array-byte-length-1.0.3.tgz attempt 3 failed with EACCES
1490 http fetch GET https://registry.npmjs.org/typescript-eslint/-/typescript-eslint-8.70.0.tgz attempt 3 failed with EACCES
1491 http fetch GET https://registry.npmjs.org/type-check/-/type-check-0.4.0.tgz attempt 3 failed with EACCES
1492 http fetch GET https://registry.npmjs.org/tslib/-/tslib-2.8.1.tgz attempt 3 failed with EACCES
1493 http fetch GET https://registry.npmjs.org/tsconfig-paths/-/tsconfig-paths-3.15.0.tgz attempt 3 failed with EACCES
1494 http fetch GET https://registry.npmjs.org/to-regex-range/-/to-regex-range-5.0.1.tgz attempt 3 failed with EACCES
1495 http fetch GET https://registry.npmjs.org/typed-array-buffer/-/typed-array-buffer-1.0.3.tgz attempt 3 failed with EACCES
1496 http fetch GET https://registry.npmjs.org/tinyglobby/-/tinyglobby-0.2.17.tgz attempt 3 failed with EACCES
1497 http fetch GET https://registry.npmjs.org/tailwindcss/-/tailwindcss-4.3.3.tgz attempt 3 failed with EACCES
1498 http fetch GET https://registry.npmjs.org/tapable/-/tapable-2.3.3.tgz attempt 3 failed with EACCES
1499 http fetch GET https://registry.npmjs.org/ts-api-utils/-/ts-api-utils-2.5.0.tgz attempt 3 failed with EACCES
1500 http fetch GET https://registry.npmjs.org/supports-preserve-symlinks-flag/-/supports-preserve-symlinks-flag-1.0.0.tgz attempt 3 failed with EACCES
1501 http fetch GET https://registry.npmjs.org/tailwind-merge/-/tailwind-merge-3.6.0.tgz attempt 3 failed with EACCES
1502 http fetch GET https://registry.npmjs.org/supports-color/-/supports-color-7.2.0.tgz attempt 3 failed with EACCES
1503 http fetch GET https://registry.npmjs.org/styled-jsx/-/styled-jsx-5.1.6.tgz attempt 3 failed with EACCES
1504 http fetch GET https://registry.npmjs.org/strip-json-comments/-/strip-json-comments-3.1.1.tgz attempt 3 failed with EACCES
1505 http fetch GET https://registry.npmjs.org/strip-bom/-/strip-bom-3.0.0.tgz attempt 3 failed with EACCES
1506 http fetch GET https://registry.npmjs.org/string.prototype.trimstart/-/string.prototype.trimstart-1.0.8.tgz attempt 3 failed with EACCES
1507 http fetch GET https://registry.npmjs.org/string.prototype.trim/-/string.prototype.trim-1.2.11.tgz attempt 3 failed with EACCES
1508 http fetch GET https://registry.npmjs.org/string.prototype.repeat/-/string.prototype.repeat-1.0.0.tgz attempt 3 failed with EACCES
1509 http fetch GET https://registry.npmjs.org/string.prototype.trimend/-/string.prototype.trimend-1.0.10.tgz attempt 3 failed with EACCES
1510 http fetch GET https://registry.npmjs.org/string.prototype.matchall/-/string.prototype.matchall-4.1.0.tgz attempt 3 failed with EACCES
1511 http fetch GET https://registry.npmjs.org/string.prototype.includes/-/string.prototype.includes-2.0.1.tgz attempt 3 failed with EACCES
1512 http fetch GET https://registry.npmjs.org/stop-iteration-iterator/-/stop-iteration-iterator-1.1.0.tgz attempt 3 failed with EACCES
1513 http fetch GET https://registry.npmjs.org/stable-hash/-/stable-hash-0.0.5.tgz attempt 3 failed with EACCES
1514 http fetch GET https://registry.npmjs.org/source-map-js/-/source-map-js-1.2.1.tgz attempt 3 failed with EACCES
1515 http fetch GET https://registry.npmjs.org/side-channel-map/-/side-channel-map-1.0.1.tgz attempt 3 failed with EACCES
1516 http fetch GET https://registry.npmjs.org/side-channel-weakmap/-/side-channel-weakmap-1.0.2.tgz attempt 3 failed with EACCES
1517 http fetch GET https://registry.npmjs.org/side-channel-list/-/side-channel-list-1.0.1.tgz attempt 3 failed with EACCES
1518 http fetch GET https://registry.npmjs.org/side-channel/-/side-channel-1.1.1.tgz attempt 3 failed with EACCES
1519 http fetch GET https://registry.npmjs.org/shebang-regex/-/shebang-regex-3.0.0.tgz attempt 3 failed with EACCES
1520 http fetch GET https://registry.npmjs.org/shebang-command/-/shebang-command-2.0.0.tgz attempt 3 failed with EACCES
1521 http fetch GET https://registry.npmjs.org/set-proto/-/set-proto-1.0.0.tgz attempt 3 failed with EACCES
1522 http fetch GET https://registry.npmjs.org/sharp/-/sharp-0.35.4.tgz attempt 3 failed with EACCES
1523 verbose reify failed optional dependency C:\Valhalla\Repository\stokloka\frontend\landing-page\node_modules\sharp
1524 silly reify mark deleted [
1524 silly reify   'C:\\Valhalla\\Repository\\stokloka\\frontend\\landing-page\\node_modules\\sharp'
1524 silly reify ]
1525 verbose reify failed optional dependency C:\Valhalla\Repository\stokloka\frontend\landing-page\node_modules\@img\colour
1526 silly reify mark deleted [
1526 silly reify   'C:\\Valhalla\\Repository\\stokloka\\frontend\\landing-page\\node_modules\\@img\\colour'
1526 silly reify ]
1527 verbose reify failed optional dependency C:\Valhalla\Repository\stokloka\frontend\landing-page\node_modules\sharp\node_modules\semver
1528 silly reify mark deleted [
1528 silly reify   'C:\\Valhalla\\Repository\\stokloka\\frontend\\landing-page\\node_modules\\sharp\\node_modules\\semver',
1528 silly reify   'C:\\Valhalla\\Repository\\stokloka\\frontend\\landing-page\\node_modules\\sharp\\node_modules\\.bin\\semver',
1528 silly reify   'C:\\Valhalla\\Repository\\stokloka\\frontend\\landing-page\\node_modules\\sharp\\node_modules\\.bin\\semver.cmd',
1528 silly reify   'C:\\Valhalla\\Repository\\stokloka\\frontend\\landing-page\\node_modules\\sharp\\node_modules\\.bin\\semver.ps1'
1528 silly reify ]
1529 verbose reify failed optional dependency C:\Valhalla\Repository\stokloka\frontend\landing-page\node_modules\@img\sharp-darwin-arm64
1530 silly reify mark deleted [
1530 silly reify   'C:\\Valhalla\\Repository\\stokloka\\frontend\\landing-page\\node_modules\\@img\\sharp-darwin-arm64'
1530 silly reify ]
1531 verbose reify failed optional dependency C:\Valhalla\Repository\stokloka\frontend\landing-page\node_modules\@img\sharp-darwin-x64
1532 silly reify mark deleted [
1532 silly reify   'C:\\Valhalla\\Repository\\stokloka\\frontend\\landing-page\\node_modules\\@img\\sharp-darwin-x64'
1532 silly reify ]
1533 verbose reify failed optional dependency C:\Valhalla\Repository\stokloka\frontend\landing-page\node_modules\@img\sharp-freebsd-wasm32
1534 silly reify mark deleted [
1534 silly reify   'C:\\Valhalla\\Repository\\stokloka\\frontend\\landing-page\\node_modules\\@img\\sharp-freebsd-wasm32'
1534 silly reify ]
1535 verbose reify failed optional dependency C:\Valhalla\Repository\stokloka\frontend\landing-page\node_modules\@img\sharp-libvips-darwin-arm64
1536 silly reify mark deleted [
1536 silly reify   'C:\\Valhalla\\Repository\\stokloka\\frontend\\landing-page\\node_modules\\@img\\sharp-libvips-darwin-arm64'
1536 silly reify ]
1537 verbose reify failed optional dependency C:\Valhalla\Repository\stokloka\frontend\landing-page\node_modules\@img\sharp-libvips-darwin-x64
1538 silly reify mark deleted [
1538 silly reify   'C:\\Valhalla\\Repository\\stokloka\\frontend\\landing-page\\node_modules\\@img\\sharp-libvips-darwin-x64'
1538 silly reify ]
1539 verbose reify failed optional dependency C:\Valhalla\Repository\stokloka\frontend\landing-page\node_modules\@img\sharp-libvips-linux-arm
1540 silly reify mark deleted [
1540 silly reify   'C:\\Valhalla\\Repository\\stokloka\\frontend\\landing-page\\node_modules\\@img\\sharp-libvips-linux-arm'
1540 silly reify ]
1541 verbose reify failed optional dependency C:\Valhalla\Repository\stokloka\frontend\landing-page\node_modules\@img\sharp-libvips-linux-arm64
1542 silly reify mark deleted [
1542 silly reify   'C:\\Valhalla\\Repository\\stokloka\\frontend\\landing-page\\node_modules\\@img\\sharp-libvips-linux-arm64'
1542 silly reify ]
1543 verbose reify failed optional dependency C:\Valhalla\Repository\stokloka\frontend\landing-page\node_modules\@img\sharp-libvips-linux-ppc64
1544 silly reify mark deleted [
1544 silly reify   'C:\\Valhalla\\Repository\\stokloka\\frontend\\landing-page\\node_modules\\@img\\sharp-libvips-linux-ppc64'
1544 silly reify ]
1545 verbose reify failed optional dependency C:\Valhalla\Repository\stokloka\frontend\landing-page\node_modules\@img\sharp-libvips-linux-riscv64
1546 silly reify mark deleted [
1546 silly reify   'C:\\Valhalla\\Repository\\stokloka\\frontend\\landing-page\\node_modules\\@img\\sharp-libvips-linux-riscv64'
1546 silly reify ]
1547 verbose reify failed optional dependency C:\Valhalla\Repository\stokloka\frontend\landing-page\node_modules\@img\sharp-libvips-linux-s390x
1548 silly reify mark deleted [
1548 silly reify   'C:\\Valhalla\\Repository\\stokloka\\frontend\\landing-page\\node_modules\\@img\\sharp-libvips-linux-s390x'
1548 silly reify ]
1549 verbose reify failed optional dependency C:\Valhalla\Repository\stokloka\frontend\landing-page\node_modules\@img\sharp-libvips-linux-x64
1550 silly reify mark deleted [
1550 silly reify   'C:\\Valhalla\\Repository\\stokloka\\frontend\\landing-page\\node_modules\\@img\\sharp-libvips-linux-x64'
1550 silly reify ]
1551 verbose reify failed optional dependency C:\Valhalla\Repository\stokloka\frontend\landing-page\node_modules\@img\sharp-libvips-linuxmusl-arm64
1552 silly reify mark deleted [
1552 silly reify   'C:\\Valhalla\\Repository\\stokloka\\frontend\\landing-page\\node_modules\\@img\\sharp-libvips-linuxmusl-arm64'
1552 silly reify ]
1553 verbose reify failed optional dependency C:\Valhalla\Repository\stokloka\frontend\landing-page\node_modules\@img\sharp-libvips-linuxmusl-x64
1554 silly reify mark deleted [
1554 silly reify   'C:\\Valhalla\\Repository\\stokloka\\frontend\\landing-page\\node_modules\\@img\\sharp-libvips-linuxmusl-x64'
1554 silly reify ]
1555 verbose reify failed optional dependency C:\Valhalla\Repository\stokloka\frontend\landing-page\node_modules\@img\sharp-linux-arm
1556 silly reify mark deleted [
1556 silly reify   'C:\\Valhalla\\Repository\\stokloka\\frontend\\landing-page\\node_modules\\@img\\sharp-linux-arm'
1556 silly reify ]
1557 verbose reify failed optional dependency C:\Valhalla\Repository\stokloka\frontend\landing-page\node_modules\@img\sharp-linux-arm64
1558 silly reify mark deleted [
1558 silly reify   'C:\\Valhalla\\Repository\\stokloka\\frontend\\landing-page\\node_modules\\@img\\sharp-linux-arm64'
1558 silly reify ]
1559 verbose reify failed optional dependency C:\Valhalla\Repository\stokloka\frontend\landing-page\node_modules\@img\sharp-linux-ppc64
1560 silly reify mark deleted [
1560 silly reify   'C:\\Valhalla\\Repository\\stokloka\\frontend\\landing-page\\node_modules\\@img\\sharp-linux-ppc64'
1560 silly reify ]
1561 verbose reify failed optional dependency C:\Valhalla\Repository\stokloka\frontend\landing-page\node_modules\@img\sharp-linux-riscv64
1562 silly reify mark deleted [
1562 silly reify   'C:\\Valhalla\\Repository\\stokloka\\frontend\\landing-page\\node_modules\\@img\\sharp-linux-riscv64'
1562 silly reify ]
1563 verbose reify failed optional dependency C:\Valhalla\Repository\stokloka\frontend\landing-page\node_modules\@img\sharp-linux-s390x
1564 silly reify mark deleted [
1564 silly reify   'C:\\Valhalla\\Repository\\stokloka\\frontend\\landing-page\\node_modules\\@img\\sharp-linux-s390x'
1564 silly reify ]
1565 verbose reify failed optional dependency C:\Valhalla\Repository\stokloka\frontend\landing-page\node_modules\@img\sharp-linux-x64
1566 silly reify mark deleted [
1566 silly reify   'C:\\Valhalla\\Repository\\stokloka\\frontend\\landing-page\\node_modules\\@img\\sharp-linux-x64'
1566 silly reify ]
1567 verbose reify failed optional dependency C:\Valhalla\Repository\stokloka\frontend\landing-page\node_modules\@img\sharp-linuxmusl-arm64
1568 silly reify mark deleted [
1568 silly reify   'C:\\Valhalla\\Repository\\stokloka\\frontend\\landing-page\\node_modules\\@img\\sharp-linuxmusl-arm64'
1568 silly reify ]
1569 verbose reify failed optional dependency C:\Valhalla\Repository\stokloka\frontend\landing-page\node_modules\@img\sharp-linuxmusl-x64
1570 silly reify mark deleted [
1570 silly reify   'C:\\Valhalla\\Repository\\stokloka\\frontend\\landing-page\\node_modules\\@img\\sharp-linuxmusl-x64'
1570 silly reify ]
1571 verbose reify failed optional dependency C:\Valhalla\Repository\stokloka\frontend\landing-page\node_modules\@img\sharp-webcontainers-wasm32
1572 silly reify mark deleted [
1572 silly reify   'C:\\Valhalla\\Repository\\stokloka\\frontend\\landing-page\\node_modules\\@img\\sharp-webcontainers-wasm32'
1572 silly reify ]
1573 verbose reify failed optional dependency C:\Valhalla\Repository\stokloka\frontend\landing-page\node_modules\@img\sharp-win32-arm64
1574 silly reify mark deleted [
1574 silly reify   'C:\\Valhalla\\Repository\\stokloka\\frontend\\landing-page\\node_modules\\@img\\sharp-win32-arm64'
1574 silly reify ]
1575 verbose reify failed optional dependency C:\Valhalla\Repository\stokloka\frontend\landing-page\node_modules\@img\sharp-win32-ia32
1576 silly reify mark deleted [
1576 silly reify   'C:\\Valhalla\\Repository\\stokloka\\frontend\\landing-page\\node_modules\\@img\\sharp-win32-ia32'
1576 silly reify ]
1577 verbose reify failed optional dependency C:\Valhalla\Repository\stokloka\frontend\landing-page\node_modules\@img\sharp-win32-x64
1578 silly reify mark deleted [
1578 silly reify   'C:\\Valhalla\\Repository\\stokloka\\frontend\\landing-page\\node_modules\\@img\\sharp-win32-x64'
1578 silly reify ]
1579 http fetch GET https://registry.npmjs.org/set-function-name/-/set-function-name-2.0.2.tgz attempt 3 failed with EACCES
1580 http fetch GET https://registry.npmjs.org/set-function-length/-/set-function-length-1.2.2.tgz attempt 3 failed with EACCES
1581 http fetch GET https://registry.npmjs.org/semver/-/semver-6.3.1.tgz attempt 3 failed with EACCES
1582 http fetch GET https://registry.npmjs.org/scheduler/-/scheduler-0.28.0.tgz attempt 3 failed with EACCES
1583 http fetch GET https://registry.npmjs.org/safe-regex-test/-/safe-regex-test-1.1.0.tgz attempt 3 failed with EACCES
1584 http fetch GET https://registry.npmjs.org/safe-push-apply/-/safe-push-apply-1.0.0.tgz attempt 3 failed with EACCES
1585 http fetch GET https://registry.npmjs.org/run-parallel/-/run-parallel-1.2.0.tgz attempt 3 failed with EACCES
1586 http fetch GET https://registry.npmjs.org/safe-array-concat/-/safe-array-concat-1.1.4.tgz attempt 3 failed with EACCES
1587 http fetch GET https://registry.npmjs.org/resolve-pkg-maps/-/resolve-pkg-maps-1.0.0.tgz attempt 3 failed with EACCES
1588 http fetch GET https://registry.npmjs.org/reusify/-/reusify-1.1.0.tgz attempt 3 failed with EACCES
1589 http fetch GET https://registry.npmjs.org/resolve-from/-/resolve-from-4.0.0.tgz attempt 3 failed with EACCES
1590 http fetch GET https://registry.npmjs.org/resolve/-/resolve-2.0.0-next.7.tgz attempt 3 failed with EACCES
1591 http fetch GET https://registry.npmjs.org/regexp.prototype.flags/-/regexp.prototype.flags-1.5.4.tgz attempt 3 failed with EACCES
1592 http fetch GET https://registry.npmjs.org/reflect.getprototypeof/-/reflect.getprototypeof-1.0.10.tgz attempt 3 failed with EACCES
1593 http fetch GET https://registry.npmjs.org/react-is/-/react-is-16.13.1.tgz attempt 3 failed with EACCES
1594 http fetch GET https://registry.npmjs.org/react-dom/-/react-dom-19.3.0.tgz attempt 3 failed with EACCES
1595 http fetch GET https://registry.npmjs.org/react/-/react-19.3.0.tgz attempt 3 failed with EACCES
1596 http fetch GET https://registry.npmjs.org/queue-microtask/-/queue-microtask-1.2.3.tgz attempt 3 failed with EACCES
1597 http fetch GET https://registry.npmjs.org/punycode/-/punycode-2.3.1.tgz attempt 3 failed with EACCES
1598 http fetch GET https://registry.npmjs.org/prop-types/-/prop-types-15.8.1.tgz attempt 3 failed with EACCES
1599 http fetch GET https://registry.npmjs.org/prelude-ls/-/prelude-ls-1.2.1.tgz attempt 3 failed with EACCES
1600 http fetch GET https://registry.npmjs.org/postcss/-/postcss-8.5.28.tgz attempt 3 failed with EACCES
1601 http fetch GET https://registry.npmjs.org/possible-typed-array-names/-/possible-typed-array-names-1.1.0.tgz attempt 3 failed with EACCES
1602 http fetch GET https://registry.npmjs.org/playwright-core/-/playwright-core-1.63.0.tgz attempt 3 failed with EACCES
1603 http fetch GET https://registry.npmjs.org/playwright/-/playwright-1.63.0.tgz attempt 3 failed with EACCES
1604 http fetch GET https://registry.npmjs.org/picocolors/-/picocolors-1.1.1.tgz attempt 3 failed with EACCES
1605 http fetch GET https://registry.npmjs.org/picomatch/-/picomatch-2.3.2.tgz attempt 3 failed with EACCES
1606 http fetch GET https://registry.npmjs.org/path-key/-/path-key-3.1.1.tgz attempt 3 failed with EACCES
1607 http fetch GET https://registry.npmjs.org/parent-module/-/parent-module-1.0.1.tgz attempt 3 failed with EACCES
1608 http fetch GET https://registry.npmjs.org/path-exists/-/path-exists-4.0.0.tgz attempt 3 failed with EACCES
1609 http fetch GET https://registry.npmjs.org/p-locate/-/p-locate-5.0.0.tgz attempt 3 failed with EACCES
1610 http fetch GET https://registry.npmjs.org/own-keys/-/own-keys-1.0.2.tgz attempt 3 failed with EACCES
1611 http fetch GET https://registry.npmjs.org/p-limit/-/p-limit-3.1.0.tgz attempt 3 failed with EACCES
1612 http fetch GET https://registry.npmjs.org/optionator/-/optionator-0.9.4.tgz attempt 3 failed with EACCES
1613 http fetch GET https://registry.npmjs.org/object.values/-/object.values-1.2.1.tgz attempt 3 failed with EACCES
1614 http fetch GET https://registry.npmjs.org/object.groupby/-/object.groupby-1.0.3.tgz attempt 3 failed with EACCES
1615 http fetch GET https://registry.npmjs.org/object.fromentries/-/object.fromentries-2.0.8.tgz attempt 3 failed with EACCES
1616 http fetch GET https://registry.npmjs.org/object-keys/-/object-keys-1.1.1.tgz attempt 3 failed with EACCES
1617 http fetch GET https://registry.npmjs.org/object.assign/-/object.assign-4.1.7.tgz attempt 3 failed with EACCES
1618 http fetch GET https://registry.npmjs.org/path-parse/-/path-parse-1.0.7.tgz attempt 3 failed with EACCES
1619 http fetch GET https://registry.npmjs.org/object-inspect/-/object-inspect-1.13.4.tgz attempt 3 failed with EACCES
1620 http fetch GET https://registry.npmjs.org/object-assign/-/object-assign-4.1.1.tgz attempt 3 failed with EACCES
1621 http fetch GET https://registry.npmjs.org/node-exports-info/-/node-exports-info-1.6.2.tgz attempt 3 failed with EACCES
1622 http fetch GET https://registry.npmjs.org/node-releases/-/node-releases-2.0.55.tgz attempt 3 failed with EACCES
1623 http fetch GET https://registry.npmjs.org/next/-/next-16.3.5.tgz attempt 3 failed with EACCES
1624 http fetch GET https://registry.npmjs.org/natural-compare/-/natural-compare-1.4.0.tgz attempt 3 failed with EACCES
1625 http fetch GET https://registry.npmjs.org/nanoid/-/nanoid-3.3.19.tgz attempt 3 failed with EACCES
1626 http fetch GET https://registry.npmjs.org/ms/-/ms-2.1.3.tgz attempt 3 failed with EACCES
1627 http fetch GET https://registry.npmjs.org/minimatch/-/minimatch-3.1.5.tgz attempt 3 failed with EACCES
1628 http fetch GET https://registry.npmjs.org/minimist/-/minimist-1.2.8.tgz attempt 3 failed with EACCES
1629 http fetch GET https://registry.npmjs.org/micromatch/-/micromatch-4.0.8.tgz attempt 3 failed with EACCES
1630 http fetch GET https://registry.npmjs.org/math-intrinsics/-/math-intrinsics-1.1.0.tgz attempt 3 failed with EACCES
1631 http fetch GET https://registry.npmjs.org/merge2/-/merge2-1.4.1.tgz attempt 3 failed with EACCES
1632 http fetch GET https://registry.npmjs.org/magic-string/-/magic-string-0.30.21.tgz attempt 3 failed with EACCES
1633 http fetch GET https://registry.npmjs.org/lru-cache/-/lru-cache-5.1.1.tgz attempt 3 failed with EACCES
1634 http fetch GET https://registry.npmjs.org/loose-envify/-/loose-envify-1.4.0.tgz attempt 3 failed with EACCES
1635 http fetch GET https://registry.npmjs.org/locate-path/-/locate-path-6.0.0.tgz attempt 3 failed with EACCES
1636 http fetch GET https://registry.npmjs.org/lodash.merge/-/lodash.merge-4.6.2.tgz attempt 3 failed with EACCES
1637 http fetch GET https://registry.npmjs.org/lightningcss/-/lightningcss-1.32.0.tgz attempt 3 failed with EACCES
1638 http fetch GET https://registry.npmjs.org/lightningcss-win32-x64-msvc/-/lightningcss-win32-x64-msvc-1.32.0.tgz attempt 3 failed with EACCES
1639 verbose reify failed optional dependency C:\Valhalla\Repository\stokloka\frontend\landing-page\node_modules\lightningcss-win32-x64-msvc
1640 silly reify mark deleted [
1640 silly reify   'C:\\Valhalla\\Repository\\stokloka\\frontend\\landing-page\\node_modules\\lightningcss-win32-x64-msvc'
1640 silly reify ]
1641 http fetch GET https://registry.npmjs.org/language-tags/-/language-tags-1.0.9.tgz attempt 3 failed with EACCES
1642 http fetch GET https://registry.npmjs.org/levn/-/levn-0.4.1.tgz attempt 3 failed with EACCES
1643 http fetch GET https://registry.npmjs.org/napi-postinstall/-/napi-postinstall-0.3.4.tgz attempt 3 failed with EACCES
1644 http fetch GET https://registry.npmjs.org/object.entries/-/object.entries-1.1.9.tgz attempt 3 failed with EACCES
1645 http fetch GET https://registry.npmjs.org/language-subtag-registry/-/language-subtag-registry-0.3.23.tgz attempt 3 failed with EACCES
1646 http fetch GET https://registry.npmjs.org/keyv/-/keyv-4.5.4.tgz attempt 3 failed with EACCES
1647 http fetch GET https://registry.npmjs.org/jsx-ast-utils/-/jsx-ast-utils-3.3.5.tgz attempt 3 failed with EACCES
1648 http fetch GET https://registry.npmjs.org/json-stable-stringify-without-jsonify/-/json-stable-stringify-without-jsonify-1.0.1.tgz attempt 3 failed with EACCES
1649 http fetch GET https://registry.npmjs.org/json5/-/json5-2.2.3.tgz attempt 3 failed with EACCES
1650 http fetch GET https://registry.npmjs.org/json-schema-traverse/-/json-schema-traverse-0.4.1.tgz attempt 3 failed with EACCES
1651 http fetch GET https://registry.npmjs.org/json-buffer/-/json-buffer-3.0.1.tgz attempt 3 failed with EACCES
1652 http fetch GET https://registry.npmjs.org/js-yaml/-/js-yaml-4.3.2.tgz attempt 3 failed with EACCES
1653 http fetch GET https://registry.npmjs.org/jiti/-/jiti-2.7.0.tgz attempt 3 failed with EACCES
1654 http fetch GET https://registry.npmjs.org/jsesc/-/jsesc-3.1.0.tgz attempt 3 failed with EACCES
1655 http fetch GET https://registry.npmjs.org/iterator.prototype/-/iterator.prototype-1.1.5.tgz attempt 3 failed with EACCES
1656 http fetch GET https://registry.npmjs.org/isexe/-/isexe-2.0.0.tgz attempt 3 failed with EACCES
1657 http fetch GET https://registry.npmjs.org/js-tokens/-/js-tokens-4.0.0.tgz attempt 3 failed with EACCES
1658 http fetch GET https://registry.npmjs.org/is-weakmap/-/is-weakmap-2.0.2.tgz attempt 3 failed with EACCES
1659 http fetch GET https://registry.npmjs.org/is-weakref/-/is-weakref-1.1.1.tgz attempt 3 failed with EACCES
1660 http fetch GET https://registry.npmjs.org/isarray/-/isarray-2.0.5.tgz attempt 3 failed with EACCES
1661 http fetch GET https://registry.npmjs.org/is-weakset/-/is-weakset-2.0.4.tgz attempt 3 failed with EACCES
1662 http fetch GET https://registry.npmjs.org/is-symbol/-/is-symbol-1.1.1.tgz attempt 3 failed with EACCES
1663 http fetch GET https://registry.npmjs.org/is-set/-/is-set-2.0.3.tgz attempt 3 failed with EACCES
1664 http fetch GET https://registry.npmjs.org/is-shared-array-buffer/-/is-shared-array-buffer-1.0.4.tgz attempt 3 failed with EACCES
1665 http fetch GET https://registry.npmjs.org/is-regex/-/is-regex-1.2.1.tgz attempt 3 failed with EACCES
1666 http fetch GET https://registry.npmjs.org/is-number/-/is-number-7.0.0.tgz attempt 3 failed with EACCES
1667 http fetch GET https://registry.npmjs.org/is-number-object/-/is-number-object-1.1.1.tgz attempt 3 failed with EACCES
1668 http fetch GET https://registry.npmjs.org/is-map/-/is-map-2.0.3.tgz attempt 3 failed with EACCES
1669 http fetch GET https://registry.npmjs.org/is-negative-zero/-/is-negative-zero-2.0.3.tgz attempt 3 failed with EACCES
1670 http fetch GET https://registry.npmjs.org/is-generator-function/-/is-generator-function-1.1.2.tgz attempt 3 failed with EACCES
1671 http fetch GET https://registry.npmjs.org/is-finalizationregistry/-/is-finalizationregistry-1.1.1.tgz attempt 3 failed with EACCES
1672 http fetch GET https://registry.npmjs.org/is-extglob/-/is-extglob-2.1.1.tgz attempt 3 failed with EACCES
1673 http fetch GET https://registry.npmjs.org/is-date-object/-/is-date-object-1.1.0.tgz attempt 3 failed with EACCES
1674 http fetch GET https://registry.npmjs.org/is-string/-/is-string-1.1.1.tgz attempt 3 failed with EACCES
1675 http fetch GET https://registry.npmjs.org/is-glob/-/is-glob-4.0.3.tgz attempt 3 failed with EACCES
1676 http fetch GET https://registry.npmjs.org/is-core-module/-/is-core-module-2.16.2.tgz attempt 3 failed with EACCES
1677 http fetch GET https://registry.npmjs.org/is-document.all/-/is-document.all-1.0.0.tgz attempt 3 failed with EACCES
1678 http fetch GET https://registry.npmjs.org/is-typed-array/-/is-typed-array-1.1.15.tgz attempt 3 failed with EACCES
1679 http fetch GET https://registry.npmjs.org/is-data-view/-/is-data-view-1.0.2.tgz attempt 3 failed with EACCES
1680 http fetch GET https://registry.npmjs.org/is-callable/-/is-callable-1.2.7.tgz attempt 3 failed with EACCES
1681 http fetch GET https://registry.npmjs.org/is-bun-module/-/is-bun-module-2.0.0.tgz attempt 3 failed with EACCES
1682 http fetch GET https://registry.npmjs.org/is-bigint/-/is-bigint-1.1.0.tgz attempt 3 failed with EACCES
1683 http fetch GET https://registry.npmjs.org/is-boolean-object/-/is-boolean-object-1.2.2.tgz attempt 3 failed with EACCES
1684 http fetch GET https://registry.npmjs.org/is-array-buffer/-/is-array-buffer-3.0.5.tgz attempt 3 failed with EACCES
1685 http fetch GET https://registry.npmjs.org/is-async-function/-/is-async-function-2.1.1.tgz attempt 3 failed with EACCES
1686 http fetch GET https://registry.npmjs.org/internal-slot/-/internal-slot-1.1.0.tgz attempt 3 failed with EACCES
1687 http fetch GET https://registry.npmjs.org/imurmurhash/-/imurmurhash-0.1.4.tgz attempt 3 failed with EACCES
1688 http fetch GET https://registry.npmjs.org/import-fresh/-/import-fresh-3.3.1.tgz attempt 3 failed with EACCES
1689 http fetch GET https://registry.npmjs.org/ignore/-/ignore-5.3.2.tgz attempt 3 failed with EACCES
1690 http fetch GET https://registry.npmjs.org/hermes-parser/-/hermes-parser-0.25.1.tgz attempt 3 failed with EACCES
1691 http fetch GET https://registry.npmjs.org/hermes-estree/-/hermes-estree-0.25.1.tgz attempt 3 failed with EACCES
1692 http fetch GET https://registry.npmjs.org/hasown/-/hasown-2.0.4.tgz attempt 3 failed with EACCES
1693 http fetch GET https://registry.npmjs.org/has-tostringtag/-/has-tostringtag-1.0.2.tgz attempt 3 failed with EACCES
1694 http fetch GET https://registry.npmjs.org/has-proto/-/has-proto-1.2.0.tgz attempt 3 failed with EACCES
1695 http fetch GET https://registry.npmjs.org/has-property-descriptors/-/has-property-descriptors-1.0.2.tgz attempt 3 failed with EACCES
1696 http fetch GET https://registry.npmjs.org/has-symbols/-/has-symbols-1.1.0.tgz attempt 3 failed with EACCES
1697 http fetch GET https://registry.npmjs.org/graceful-fs/-/graceful-fs-4.2.11.tgz attempt 3 failed with EACCES
1698 http fetch GET https://registry.npmjs.org/has-flag/-/has-flag-4.0.0.tgz attempt 3 failed with EACCES
1699 http fetch GET https://registry.npmjs.org/gopd/-/gopd-1.2.0.tgz attempt 3 failed with EACCES
1700 http fetch GET https://registry.npmjs.org/has-bigints/-/has-bigints-1.1.0.tgz attempt 3 failed with EACCES
1701 http fetch GET https://registry.npmjs.org/globalthis/-/globalthis-1.0.4.tgz attempt 3 failed with EACCES
1702 http fetch GET https://registry.npmjs.org/globals/-/globals-14.0.0.tgz attempt 3 failed with EACCES
1703 http fetch GET https://registry.npmjs.org/glob-parent/-/glob-parent-6.0.2.tgz attempt 3 failed with EACCES
1704 http fetch GET https://registry.npmjs.org/get-tsconfig/-/get-tsconfig-4.14.3.tgz attempt 3 failed with EACCES
1705 http fetch GET https://registry.npmjs.org/get-proto/-/get-proto-1.0.1.tgz attempt 3 failed with EACCES
1706 http fetch GET https://registry.npmjs.org/get-symbol-description/-/get-symbol-description-1.1.0.tgz attempt 3 failed with EACCES
1707 http fetch GET https://registry.npmjs.org/generator-function/-/generator-function-2.0.1.tgz attempt 3 failed with EACCES
1708 http fetch GET https://registry.npmjs.org/get-intrinsic/-/get-intrinsic-1.3.0.tgz attempt 3 failed with EACCES
1709 http fetch GET https://registry.npmjs.org/functions-have-names/-/functions-have-names-1.2.3.tgz attempt 3 failed with EACCES
1710 http fetch GET https://registry.npmjs.org/function-bind/-/function-bind-1.1.2.tgz attempt 3 failed with EACCES
1711 http fetch GET https://registry.npmjs.org/gensync/-/gensync-1.0.0-beta.2.tgz attempt 3 failed with EACCES
1712 http fetch GET https://registry.npmjs.org/for-each/-/for-each-0.3.5.tgz attempt 3 failed with EACCES
1713 http fetch GET https://registry.npmjs.org/flatted/-/flatted-3.4.4.tgz attempt 3 failed with EACCES
1714 http fetch GET https://registry.npmjs.org/find-up/-/find-up-5.0.0.tgz attempt 3 failed with EACCES
1715 http fetch GET https://registry.npmjs.org/flat-cache/-/flat-cache-4.0.1.tgz attempt 3 failed with EACCES
1716 http fetch GET https://registry.npmjs.org/file-entry-cache/-/file-entry-cache-8.0.0.tgz attempt 3 failed with EACCES
1717 http fetch GET https://registry.npmjs.org/fill-range/-/fill-range-7.1.1.tgz attempt 3 failed with EACCES
1718 http fetch GET https://registry.npmjs.org/fastq/-/fastq-1.20.3.tgz attempt 3 failed with EACCES
1719 http fetch GET https://registry.npmjs.org/function.prototype.name/-/function.prototype.name-1.2.0.tgz attempt 3 failed with EACCES
1720 http fetch GET https://registry.npmjs.org/fast-levenshtein/-/fast-levenshtein-2.0.6.tgz attempt 3 failed with EACCES
1721 http fetch GET https://registry.npmjs.org/fast-glob/-/fast-glob-3.3.1.tgz attempt 3 failed with EACCES
1722 http fetch GET https://registry.npmjs.org/fast-deep-equal/-/fast-deep-equal-3.1.3.tgz attempt 3 failed with EACCES
1723 http fetch GET https://registry.npmjs.org/fast-json-stable-stringify/-/fast-json-stable-stringify-2.1.0.tgz attempt 3 failed with EACCES
1724 http fetch GET https://registry.npmjs.org/esutils/-/esutils-2.0.3.tgz attempt 3 failed with EACCES
1725 http fetch GET https://registry.npmjs.org/estraverse/-/estraverse-5.3.0.tgz attempt 3 failed with EACCES
1726 http fetch GET https://registry.npmjs.org/esquery/-/esquery-1.7.0.tgz attempt 3 failed with EACCES
1727 http fetch GET https://registry.npmjs.org/eslint-visitor-keys/-/eslint-visitor-keys-4.2.1.tgz attempt 3 failed with EACCES
1728 http fetch GET https://registry.npmjs.org/eslint-plugin-jsx-a11y/-/eslint-plugin-jsx-a11y-6.10.2.tgz attempt 3 failed with EACCES
1729 http fetch GET https://registry.npmjs.org/eslint-scope/-/eslint-scope-8.4.0.tgz attempt 3 failed with EACCES
1730 http fetch GET https://registry.npmjs.org/eslint-plugin-react-hooks/-/eslint-plugin-react-hooks-7.1.1.tgz attempt 3 failed with EACCES
1731 http fetch GET https://registry.npmjs.org/eslint-plugin-react/-/eslint-plugin-react-7.37.5.tgz attempt 3 failed with EACCES
1732 http fetch GET https://registry.npmjs.org/eslint-plugin-import/-/eslint-plugin-import-2.32.0.tgz attempt 3 failed with EACCES
1733 http fetch GET https://registry.npmjs.org/eslint-module-utils/-/eslint-module-utils-2.14.0.tgz attempt 3 failed with EACCES
1734 http fetch GET https://registry.npmjs.org/eslint-import-resolver-typescript/-/eslint-import-resolver-typescript-3.10.1.tgz attempt 3 failed with EACCES
1735 http fetch GET https://registry.npmjs.org/eslint-import-resolver-node/-/eslint-import-resolver-node-0.3.10.tgz attempt 3 failed with EACCES
1736 http fetch GET https://registry.npmjs.org/eslint-config-next/-/eslint-config-next-16.3.5.tgz attempt 3 failed with EACCES
1737 http fetch GET https://registry.npmjs.org/es-to-primitive/-/es-to-primitive-1.3.4.tgz attempt 3 failed with EACCES
1738 http fetch GET https://registry.npmjs.org/eslint/-/eslint-9.39.5.tgz attempt 3 failed with EACCES
1739 http fetch GET https://registry.npmjs.org/es-shim-unscopables/-/es-shim-unscopables-1.1.0.tgz attempt 3 failed with EACCES
1740 http fetch GET https://registry.npmjs.org/escalade/-/escalade-3.2.0.tgz attempt 3 failed with EACCES
1741 http fetch GET https://registry.npmjs.org/es-iterator-helpers/-/es-iterator-helpers-1.4.0.tgz attempt 3 failed with EACCES
1742 http fetch GET https://registry.npmjs.org/es-object-atoms/-/es-object-atoms-1.1.2.tgz attempt 3 failed with EACCES
1743 http fetch GET https://registry.npmjs.org/escape-string-regexp/-/escape-string-regexp-4.0.0.tgz attempt 3 failed with EACCES
1744 http fetch GET https://registry.npmjs.org/es-errors/-/es-errors-1.3.0.tgz attempt 3 failed with EACCES
1745 http fetch GET https://registry.npmjs.org/es-set-tostringtag/-/es-set-tostringtag-2.1.0.tgz attempt 3 failed with EACCES
1746 http fetch GET https://registry.npmjs.org/es-abstract/-/es-abstract-1.24.2.tgz attempt 3 failed with EACCES
1747 http fetch GET https://registry.npmjs.org/es-abstract-get/-/es-abstract-get-1.0.0.tgz attempt 3 failed with EACCES
1748 http fetch GET https://registry.npmjs.org/es-define-property/-/es-define-property-1.0.1.tgz attempt 3 failed with EACCES
1749 http fetch GET https://registry.npmjs.org/enhanced-resolve/-/enhanced-resolve-5.25.0.tgz attempt 3 failed with EACCES
1750 http fetch GET https://registry.npmjs.org/electron-to-chromium/-/electron-to-chromium-1.5.427.tgz attempt 3 failed with EACCES
1751 http fetch GET https://registry.npmjs.org/dunder-proto/-/dunder-proto-1.0.1.tgz attempt 3 failed with EACCES
1752 http fetch GET https://registry.npmjs.org/doctrine/-/doctrine-2.1.0.tgz attempt 3 failed with EACCES
1753 http fetch GET https://registry.npmjs.org/deep-is/-/deep-is-0.1.4.tgz attempt 3 failed with EACCES
1754 http fetch GET https://registry.npmjs.org/define-data-property/-/define-data-property-1.1.4.tgz attempt 3 failed with EACCES
1755 http fetch GET https://registry.npmjs.org/detect-libc/-/detect-libc-2.1.2.tgz attempt 3 failed with EACCES
1756 http fetch GET https://registry.npmjs.org/define-properties/-/define-properties-1.2.1.tgz attempt 3 failed with EACCES
1757 http fetch GET https://registry.npmjs.org/debug/-/debug-4.4.3.tgz attempt 3 failed with EACCES
1758 http fetch GET https://registry.npmjs.org/damerau-levenshtein/-/damerau-levenshtein-1.0.8.tgz attempt 3 failed with EACCES
1759 http fetch GET https://registry.npmjs.org/emoji-regex/-/emoji-regex-9.2.2.tgz attempt 3 failed with EACCES
1760 http fetch GET https://registry.npmjs.org/data-view-buffer/-/data-view-buffer-1.0.2.tgz attempt 3 failed with EACCES
1761 http fetch GET https://registry.npmjs.org/data-view-byte-offset/-/data-view-byte-offset-1.0.1.tgz attempt 3 failed with EACCES
1762 http fetch GET https://registry.npmjs.org/data-view-byte-length/-/data-view-byte-length-1.0.2.tgz attempt 3 failed with EACCES
1763 http fetch GET https://registry.npmjs.org/csstype/-/csstype-3.2.3.tgz attempt 3 failed with EACCES
1764 http fetch GET https://registry.npmjs.org/convert-source-map/-/convert-source-map-2.0.0.tgz attempt 3 failed with EACCES
1765 http fetch GET https://registry.npmjs.org/cross-spawn/-/cross-spawn-7.0.6.tgz attempt 3 failed with EACCES
1766 http fetch GET https://registry.npmjs.org/concat-map/-/concat-map-0.0.1.tgz attempt 3 failed with EACCES
1767 http fetch GET https://registry.npmjs.org/color-name/-/color-name-1.1.4.tgz attempt 3 failed with EACCES
1768 http fetch GET https://registry.npmjs.org/clsx/-/clsx-2.1.1.tgz attempt 3 failed with EACCES
1769 http fetch GET https://registry.npmjs.org/color-convert/-/color-convert-2.0.1.tgz attempt 3 failed with EACCES
1770 http fetch GET https://registry.npmjs.org/client-only/-/client-only-0.0.1.tgz attempt 3 failed with EACCES
1771 http fetch GET https://registry.npmjs.org/callsites/-/callsites-3.1.0.tgz attempt 3 failed with EACCES
1772 http fetch GET https://registry.npmjs.org/caniuse-lite/-/caniuse-lite-1.0.30001810.tgz attempt 3 failed with EACCES
1773 http fetch GET https://registry.npmjs.org/chalk/-/chalk-4.1.2.tgz attempt 3 failed with EACCES
1774 http fetch GET https://registry.npmjs.org/call-bound/-/call-bound-1.0.4.tgz attempt 3 failed with EACCES
1775 http fetch GET https://registry.npmjs.org/call-bind-apply-helpers/-/call-bind-apply-helpers-1.0.2.tgz attempt 3 failed with EACCES
1776 http fetch GET https://registry.npmjs.org/browserslist/-/browserslist-4.28.9.tgz attempt 3 failed with EACCES
1777 http fetch GET https://registry.npmjs.org/braces/-/braces-3.0.3.tgz attempt 3 failed with EACCES
1778 http fetch GET https://registry.npmjs.org/call-bind/-/call-bind-1.0.9.tgz attempt 3 failed with EACCES
1779 http fetch GET https://registry.npmjs.org/brace-expansion/-/brace-expansion-1.1.18.tgz attempt 3 failed with EACCES
1780 http fetch GET https://registry.npmjs.org/baseline-browser-mapping/-/baseline-browser-mapping-2.11.23.tgz attempt 3 failed with EACCES
1781 http fetch GET https://registry.npmjs.org/axobject-query/-/axobject-query-4.1.0.tgz attempt 3 failed with EACCES
1782 http fetch GET https://registry.npmjs.org/balanced-match/-/balanced-match-1.0.2.tgz attempt 3 failed with EACCES
1783 http fetch GET https://registry.npmjs.org/axe-core/-/axe-core-4.13.0.tgz attempt 3 failed with EACCES
1784 http fetch GET https://registry.npmjs.org/available-typed-arrays/-/available-typed-arrays-1.0.7.tgz attempt 3 failed with EACCES
1785 http fetch GET https://registry.npmjs.org/async-function/-/async-function-1.0.0.tgz attempt 3 failed with EACCES
1786 http fetch GET https://registry.npmjs.org/espree/-/espree-10.4.0.tgz attempt 3 failed with EACCES
1787 http fetch GET https://registry.npmjs.org/esrecurse/-/esrecurse-4.3.0.tgz attempt 3 failed with EACCES
1788 http fetch GET https://registry.npmjs.org/arraybuffer.prototype.slice/-/arraybuffer.prototype.slice-1.0.4.tgz attempt 3 failed with EACCES
1789 http fetch GET https://registry.npmjs.org/ast-types-flow/-/ast-types-flow-0.0.8.tgz attempt 3 failed with EACCES
1790 http fetch GET https://registry.npmjs.org/array.prototype.tosorted/-/array.prototype.tosorted-1.1.4.tgz attempt 3 failed with EACCES
1791 http fetch GET https://registry.npmjs.org/array.prototype.findlastindex/-/array.prototype.findlastindex-1.2.6.tgz attempt 3 failed with EACCES
1792 http fetch GET https://registry.npmjs.org/array.prototype.flat/-/array.prototype.flat-1.3.3.tgz attempt 3 failed with EACCES
1793 http fetch GET https://registry.npmjs.org/array.prototype.flatmap/-/array.prototype.flatmap-1.3.3.tgz attempt 3 failed with EACCES
1794 http fetch GET https://registry.npmjs.org/array.prototype.findlast/-/array.prototype.findlast-1.2.5.tgz attempt 3 failed with EACCES
1795 http fetch GET https://registry.npmjs.org/array-buffer-byte-length/-/array-buffer-byte-length-1.0.2.tgz attempt 3 failed with EACCES
1796 http fetch GET https://registry.npmjs.org/aria-query/-/aria-query-5.3.2.tgz attempt 3 failed with EACCES
1797 http fetch GET https://registry.npmjs.org/array-includes/-/array-includes-3.2.0.tgz attempt 3 failed with EACCES
1798 http fetch GET https://registry.npmjs.org/argparse/-/argparse-2.0.1.tgz attempt 3 failed with EACCES
1799 http fetch GET https://registry.npmjs.org/ansi-styles/-/ansi-styles-4.3.0.tgz attempt 3 failed with EACCES
1800 http fetch GET https://registry.npmjs.org/ajv/-/ajv-6.15.0.tgz attempt 3 failed with EACCES
1801 http fetch GET https://registry.npmjs.org/acorn-jsx/-/acorn-jsx-5.3.2.tgz attempt 3 failed with EACCES
1802 http fetch GET https://registry.npmjs.org/acorn/-/acorn-8.18.0.tgz attempt 3 failed with EACCES
1803 http fetch GET https://registry.npmjs.org/@unrs/resolver-binding-win32-x64-msvc/-/resolver-binding-win32-x64-msvc-1.12.2.tgz attempt 3 failed with EACCES
1804 verbose reify failed optional dependency C:\Valhalla\Repository\stokloka\frontend\landing-page\node_modules\@unrs\resolver-binding-win32-x64-msvc
1805 silly reify mark deleted [
1805 silly reify   'C:\\Valhalla\\Repository\\stokloka\\frontend\\landing-page\\node_modules\\@unrs\\resolver-binding-win32-x64-msvc'
1805 silly reify ]
1806 http fetch GET https://registry.npmjs.org/@typescript-eslint/visitor-keys/-/visitor-keys-8.70.0.tgz attempt 3 failed with EACCES
1807 http fetch GET https://registry.npmjs.org/@typescript-eslint/utils/-/utils-8.70.0.tgz attempt 3 failed with EACCES
1808 http fetch GET https://registry.npmjs.org/@typescript-eslint/typescript-estree/-/typescript-estree-8.70.0.tgz attempt 3 failed with EACCES
1809 http fetch GET https://registry.npmjs.org/@typescript-eslint/types/-/types-8.70.0.tgz attempt 3 failed with EACCES
1810 http fetch GET https://registry.npmjs.org/@typescript-eslint/type-utils/-/type-utils-8.70.0.tgz attempt 3 failed with EACCES
1811 http fetch GET https://registry.npmjs.org/@typescript-eslint/project-service/-/project-service-8.70.0.tgz attempt 3 failed with EACCES
1812 http fetch GET https://registry.npmjs.org/@typescript-eslint/tsconfig-utils/-/tsconfig-utils-8.70.0.tgz attempt 3 failed with EACCES
1813 http fetch GET https://registry.npmjs.org/@typescript-eslint/parser/-/parser-8.70.0.tgz attempt 3 failed with EACCES
1814 http fetch GET https://registry.npmjs.org/@typescript-eslint/eslint-plugin/-/eslint-plugin-8.70.0.tgz attempt 3 failed with EACCES
1815 http fetch GET https://registry.npmjs.org/@types/node/-/node-24.13.4.tgz attempt 3 failed with EACCES
1816 http fetch GET https://registry.npmjs.org/@types/react-dom/-/react-dom-19.3.0.tgz attempt 3 failed with EACCES
1817 http fetch GET https://registry.npmjs.org/@types/react/-/react-19.3.0.tgz attempt 3 failed with EACCES
1818 http fetch GET https://registry.npmjs.org/@types/json5/-/json5-0.0.29.tgz attempt 3 failed with EACCES
1819 http fetch GET https://registry.npmjs.org/@tailwindcss/oxide-win32-x64-msvc/-/oxide-win32-x64-msvc-4.3.3.tgz attempt 3 failed with EACCES
1820 verbose reify failed optional dependency C:\Valhalla\Repository\stokloka\frontend\landing-page\node_modules\@tailwindcss\oxide-win32-x64-msvc
1821 silly reify mark deleted [
1821 silly reify   'C:\\Valhalla\\Repository\\stokloka\\frontend\\landing-page\\node_modules\\@tailwindcss\\oxide-win32-x64-msvc'
1821 silly reify ]
1822 http fetch GET https://registry.npmjs.org/@types/json-schema/-/json-schema-7.0.15.tgz attempt 3 failed with EACCES
1823 http fetch GET https://registry.npmjs.org/@types/estree/-/estree-1.0.9.tgz attempt 3 failed with EACCES
1824 http fetch GET https://registry.npmjs.org/@tailwindcss/postcss/-/postcss-4.3.3.tgz attempt 3 failed with EACCES
1825 http fetch GET https://registry.npmjs.org/@tailwindcss/oxide/-/oxide-4.3.3.tgz attempt 3 failed with EACCES
1826 http fetch GET https://registry.npmjs.org/@rtsao/scc/-/scc-1.1.0.tgz attempt 3 failed with EACCES
1827 http fetch GET https://registry.npmjs.org/@playwright/test/-/test-1.63.0.tgz attempt 3 failed with EACCES
1828 http fetch GET https://registry.npmjs.org/@nolyfill/is-core-module/-/is-core-module-1.0.39.tgz attempt 3 failed with EACCES
1829 http fetch GET https://registry.npmjs.org/@tailwindcss/node/-/node-4.3.3.tgz attempt 3 failed with EACCES
1830 http fetch GET https://registry.npmjs.org/@swc/helpers/-/helpers-0.5.23.tgz attempt 3 failed with EACCES
1831 http fetch GET https://registry.npmjs.org/@typescript-eslint/scope-manager/-/scope-manager-8.70.0.tgz attempt 3 failed with EACCES
1832 http fetch GET https://registry.npmjs.org/@nodelib/fs.walk/-/fs.walk-1.2.8.tgz attempt 3 failed with EACCES
1833 http fetch GET https://registry.npmjs.org/@jridgewell/trace-mapping/-/trace-mapping-0.3.31.tgz attempt 3 failed with EACCES
1834 http fetch GET https://registry.npmjs.org/@nodelib/fs.stat/-/fs.stat-2.0.5.tgz attempt 3 failed with EACCES
1835 http fetch GET https://registry.npmjs.org/@jridgewell/sourcemap-codec/-/sourcemap-codec-1.6.0.tgz attempt 3 failed with EACCES
1836 http fetch GET https://registry.npmjs.org/@nodelib/fs.scandir/-/fs.scandir-2.1.5.tgz attempt 3 failed with EACCES
1837 http fetch GET https://registry.npmjs.org/@jridgewell/resolve-uri/-/resolve-uri-3.1.2.tgz attempt 3 failed with EACCES
1838 http fetch GET https://registry.npmjs.org/@jridgewell/remapping/-/remapping-2.3.5.tgz attempt 3 failed with EACCES
1839 http fetch GET https://registry.npmjs.org/@jridgewell/gen-mapping/-/gen-mapping-0.3.13.tgz attempt 3 failed with EACCES
1840 http fetch GET https://registry.npmjs.org/@next/eslint-plugin-next/-/eslint-plugin-next-16.3.5.tgz attempt 3 failed with EACCES
1841 http fetch GET https://registry.npmjs.org/@img/sharp-win32-x64/-/sharp-win32-x64-0.35.4.tgz attempt 3 failed with EACCES
1842 verbose reify failed optional dependency C:\Valhalla\Repository\stokloka\frontend\landing-page\node_modules\@img\sharp-win32-x64
1843 silly reify mark deleted [
1843 silly reify   'C:\\Valhalla\\Repository\\stokloka\\frontend\\landing-page\\node_modules\\@img\\sharp-win32-x64'
1843 silly reify ]
1844 http fetch GET https://registry.npmjs.org/@next/swc-win32-x64-msvc/-/swc-win32-x64-msvc-16.3.5.tgz attempt 3 failed with EACCES
1845 verbose reify failed optional dependency C:\Valhalla\Repository\stokloka\frontend\landing-page\node_modules\@next\swc-win32-x64-msvc
1846 silly reify mark deleted [
1846 silly reify   'C:\\Valhalla\\Repository\\stokloka\\frontend\\landing-page\\node_modules\\@next\\swc-win32-x64-msvc'
1846 silly reify ]
1847 http fetch GET https://registry.npmjs.org/@next/env/-/env-16.3.5.tgz attempt 3 failed with EACCES
1848 http fetch GET https://registry.npmjs.org/@img/colour/-/colour-1.1.0.tgz attempt 3 failed with EACCES
1849 verbose reify failed optional dependency C:\Valhalla\Repository\stokloka\frontend\landing-page\node_modules\@img\colour
1850 silly reify mark deleted [
1850 silly reify   'C:\\Valhalla\\Repository\\stokloka\\frontend\\landing-page\\node_modules\\@img\\colour'
1850 silly reify ]
1851 verbose reify failed optional dependency C:\Valhalla\Repository\stokloka\frontend\landing-page\node_modules\sharp
1852 silly reify mark deleted [
1852 silly reify   'C:\\Valhalla\\Repository\\stokloka\\frontend\\landing-page\\node_modules\\sharp'
1852 silly reify ]
1853 http fetch GET https://registry.npmjs.org/@humanwhocodes/retry/-/retry-0.4.3.tgz attempt 3 failed with EACCES
1854 http fetch GET https://registry.npmjs.org/@humanfs/node/-/node-0.16.8.tgz attempt 3 failed with EACCES
1855 http fetch GET https://registry.npmjs.org/@humanfs/types/-/types-0.15.0.tgz attempt 3 failed with EACCES
1856 http fetch GET https://registry.npmjs.org/@humanwhocodes/module-importer/-/module-importer-1.0.1.tgz attempt 3 failed with EACCES
1857 http fetch GET https://registry.npmjs.org/@humanfs/core/-/core-0.19.2.tgz attempt 3 failed with EACCES
1858 http fetch GET https://registry.npmjs.org/@eslint/plugin-kit/-/plugin-kit-0.4.1.tgz attempt 3 failed with EACCES
1859 http fetch GET https://registry.npmjs.org/@eslint/js/-/js-9.39.5.tgz attempt 3 failed with EACCES
1860 http fetch GET https://registry.npmjs.org/@eslint/eslintrc/-/eslintrc-3.3.7.tgz attempt 3 failed with EACCES
1861 http fetch GET https://registry.npmjs.org/@eslint/core/-/core-0.17.0.tgz attempt 3 failed with EACCES
1862 http fetch GET https://registry.npmjs.org/@eslint-community/regexpp/-/regexpp-4.12.2.tgz attempt 3 failed with EACCES
1863 http fetch GET https://registry.npmjs.org/@eslint/config-helpers/-/config-helpers-0.4.2.tgz attempt 3 failed with EACCES
1864 http fetch GET https://registry.npmjs.org/@eslint/object-schema/-/object-schema-2.1.7.tgz attempt 3 failed with EACCES
1865 http fetch GET https://registry.npmjs.org/@eslint-community/eslint-utils/-/eslint-utils-4.10.1.tgz attempt 3 failed with EACCES
1866 http fetch GET https://registry.npmjs.org/@eslint/config-array/-/config-array-0.21.2.tgz attempt 3 failed with EACCES
1867 http fetch GET https://registry.npmjs.org/@babel/types/-/types-7.29.8.tgz attempt 3 failed with EACCES
1868 http fetch GET https://registry.npmjs.org/@babel/traverse/-/traverse-7.29.8.tgz attempt 3 failed with EACCES
1869 http fetch GET https://registry.npmjs.org/@babel/parser/-/parser-7.29.8.tgz attempt 3 failed with EACCES
1870 http fetch GET https://registry.npmjs.org/@babel/template/-/template-7.29.7.tgz attempt 3 failed with EACCES
1871 http fetch GET https://registry.npmjs.org/@babel/helper-validator-option/-/helper-validator-option-7.29.7.tgz attempt 3 failed with EACCES
1872 http fetch GET https://registry.npmjs.org/@babel/helpers/-/helpers-7.29.7.tgz attempt 3 failed with EACCES
1873 http fetch GET https://registry.npmjs.org/@babel/helper-validator-identifier/-/helper-validator-identifier-7.29.7.tgz attempt 3 failed with EACCES
1874 http fetch GET https://registry.npmjs.org/@babel/helper-string-parser/-/helper-string-parser-7.29.7.tgz attempt 3 failed with EACCES
1875 http fetch GET https://registry.npmjs.org/@babel/helper-module-imports/-/helper-module-imports-7.29.7.tgz attempt 3 failed with EACCES
1876 http fetch GET https://registry.npmjs.org/@babel/helper-globals/-/helper-globals-7.29.7.tgz attempt 3 failed with EACCES
1877 http fetch GET https://registry.npmjs.org/@babel/helper-compilation-targets/-/helper-compilation-targets-7.29.7.tgz attempt 3 failed with EACCES
1878 http fetch GET https://registry.npmjs.org/@babel/helper-module-transforms/-/helper-module-transforms-7.29.7.tgz attempt 3 failed with EACCES
1879 http fetch GET https://registry.npmjs.org/@babel/generator/-/generator-7.29.8.tgz attempt 3 failed with EACCES
1880 http fetch GET https://registry.npmjs.org/@babel/compat-data/-/compat-data-7.29.7.tgz attempt 3 failed with EACCES
1881 http fetch GET https://registry.npmjs.org/@babel/code-frame/-/code-frame-7.29.7.tgz attempt 3 failed with EACCES
1882 http fetch GET https://registry.npmjs.org/json5/-/json5-1.0.2.tgz attempt 3 failed with EACCES
1883 http fetch GET https://registry.npmjs.org/@alloc/quick-lru/-/quick-lru-5.3.0.tgz attempt 3 failed with EACCES
1884 http fetch GET https://registry.npmjs.org/semver/-/semver-7.8.5.tgz attempt 3 failed with EACCES
1885 verbose reify failed optional dependency C:\Valhalla\Repository\stokloka\frontend\landing-page\node_modules\sharp\node_modules\semver
1886 silly reify mark deleted [
1886 silly reify   'C:\\Valhalla\\Repository\\stokloka\\frontend\\landing-page\\node_modules\\sharp\\node_modules\\semver',
1886 silly reify   'C:\\Valhalla\\Repository\\stokloka\\frontend\\landing-page\\node_modules\\sharp\\node_modules\\.bin\\semver',
1886 silly reify   'C:\\Valhalla\\Repository\\stokloka\\frontend\\landing-page\\node_modules\\sharp\\node_modules\\.bin\\semver.cmd',
1886 silly reify   'C:\\Valhalla\\Repository\\stokloka\\frontend\\landing-page\\node_modules\\sharp\\node_modules\\.bin\\semver.ps1'
1886 silly reify ]
1887 verbose reify failed optional dependency C:\Valhalla\Repository\stokloka\frontend\landing-page\node_modules\sharp
1888 silly reify mark deleted [
1888 silly reify   'C:\\Valhalla\\Repository\\stokloka\\frontend\\landing-page\\node_modules\\sharp'
1888 silly reify ]
1889 http fetch GET https://registry.npmjs.org/picomatch/-/picomatch-4.0.7.tgz attempt 3 failed with EACCES
1890 http fetch GET https://registry.npmjs.org/fdir/-/fdir-6.5.0.tgz attempt 3 failed with EACCES
1891 http fetch GET https://registry.npmjs.org/postcss/-/postcss-8.5.23.tgz attempt 3 failed with EACCES
1892 http fetch GET https://registry.npmjs.org/semver/-/semver-7.8.5.tgz attempt 3 failed with EACCES
1893 http fetch GET https://registry.npmjs.org/glob-parent/-/glob-parent-5.1.2.tgz attempt 3 failed with EACCES
1894 http fetch GET https://registry.npmjs.org/debug/-/debug-3.2.7.tgz attempt 3 failed with EACCES
1895 http fetch GET https://registry.npmjs.org/debug/-/debug-3.2.7.tgz attempt 3 failed with EACCES
1896 http fetch GET https://registry.npmjs.org/debug/-/debug-3.2.7.tgz attempt 3 failed with EACCES
1897 http fetch GET https://registry.npmjs.org/eslint-visitor-keys/-/eslint-visitor-keys-5.0.1.tgz attempt 3 failed with EACCES
1898 http fetch GET https://registry.npmjs.org/globals/-/globals-16.4.0.tgz attempt 3 failed with EACCES
1899 http fetch GET https://registry.npmjs.org/semver/-/semver-7.8.5.tgz attempt 3 failed with EACCES
1900 http fetch GET https://registry.npmjs.org/@babel/core/-/core-7.29.7.tgz attempt 3 failed with EACCES
1901 http fetch GET https://registry.npmjs.org/minimatch/-/minimatch-10.2.6.tgz attempt 3 failed with EACCES
1902 http fetch GET https://registry.npmjs.org/brace-expansion/-/brace-expansion-5.0.9.tgz attempt 3 failed with EACCES
1903 http fetch GET https://registry.npmjs.org/ignore/-/ignore-7.0.9.tgz attempt 3 failed with EACCES
1904 http fetch GET https://registry.npmjs.org/balanced-match/-/balanced-match-4.0.4.tgz attempt 3 failed with EACCES
1905 http fetch GET https://registry.npmjs.org/@eslint-community/eslint-utils/-/eslint-utils-4.9.1.tgz attempt 3 failed with EACCES
1906 http fetch GET https://registry.npmjs.org/eslint-visitor-keys/-/eslint-visitor-keys-3.4.3.tgz attempt 3 failed with EACCES
1907 http fetch GET https://registry.npmjs.org/eslint-visitor-keys/-/eslint-visitor-keys-3.4.3.tgz attempt 3 failed with EACCES
1908 verbose type system
1909 verbose stack FetchError: request to https://registry.npmjs.org/zod-validation-error/-/zod-validation-error-4.0.2.tgz failed, reason: 
1909 verbose stack     at ClientRequest.<anonymous> (C:\Program Files\nodejs\node_modules\npm\node_modules\minipass-fetch\lib\index.js:130:14)
1909 verbose stack     at ClientRequest.emit (node:events:509:28)
1909 verbose stack     at emitErrorEvent (node:_http_client:112:11)
1909 verbose stack     at _destroy (node:_http_client:1144:9)
1909 verbose stack     at onSocketNT (node:_http_client:1165:5)
1909 verbose stack     at process.processTicksAndRejections (node:internal/process/task_queues:91:21)
1910 error code EACCES
1911 error errno EACCES
1912 error FetchError: request to https://registry.npmjs.org/zod-validation-error/-/zod-validation-error-4.0.2.tgz failed, reason: 
1912 error     at ClientRequest.<anonymous> (C:\Program Files\nodejs\node_modules\npm\node_modules\minipass-fetch\lib\index.js:130:14)
1912 error     at ClientRequest.emit (node:events:509:28)
1912 error     at emitErrorEvent (node:_http_client:112:11)
1912 error     at _destroy (node:_http_client:1144:9)
1912 error     at onSocketNT (node:_http_client:1165:5)
1912 error     at process.processTicksAndRejections (node:internal/process/task_queues:91:21) {
1912 error   code: 'EACCES',
1912 error   errno: 'EACCES',
1912 error   type: 'system'
1912 error }
1913 error
1913 error The operation was rejected by your operating system.
1913 error It's possible that the file was already in use (by a text editor or antivirus), or that you lack permissions to access it.
1913 error
1913 error If you believe this might be a permissions issue, please double-check the permissions of the file and its containing directories, or try running the command again as root/Administrator.
1914 silly unfinished npm timer reify 1789962599261
1915 silly unfinished npm timer reify:unpack 1789962599567
1916 silly unfinished npm timer reifyNode:node_modules/zod-validation-error 1789962599567
1917 silly unfinished npm timer reifyNode:node_modules/zod 1789962599568
1918 silly unfinished npm timer reifyNode:node_modules/yocto-queue 1789962599568
1919 silly unfinished npm timer reifyNode:node_modules/yallist 1789962599568
1920 silly unfinished npm timer reifyNode:node_modules/word-wrap 1789962599568
1921 silly unfinished npm timer reifyNode:node_modules/which-typed-array 1789962599568
1922 silly unfinished npm timer reifyNode:node_modules/which-collection 1789962599568
1923 silly unfinished npm timer reifyNode:node_modules/which-builtin-type 1789962599568
1924 silly unfinished npm timer reifyNode:node_modules/which-boxed-primitive 1789962599568
1925 silly unfinished npm timer reifyNode:node_modules/which 1789962599568
1926 silly unfinished npm timer reifyNode:node_modules/uri-js 1789962599568
1927 silly unfinished npm timer reifyNode:node_modules/update-browserslist-db 1789962599568
1928 silly unfinished npm timer reifyNode:node_modules/unrs-resolver 1789962599568
1929 silly unfinished npm timer reifyNode:node_modules/undici-types 1789962599568
1930 silly unfinished npm timer reifyNode:node_modules/unbox-primitive 1789962599568
1931 silly unfinished npm timer reifyNode:node_modules/typescript-eslint 1789962599568
1932 silly unfinished npm timer reifyNode:node_modules/typescript 1789962599568
1933 silly unfinished npm timer reifyNode:node_modules/typed-array-length 1789962599568
1934 silly unfinished npm timer reifyNode:node_modules/typed-array-byte-offset 1789962599568
1935 silly unfinished npm timer reifyNode:node_modules/typed-array-byte-length 1789962599568
1936 silly unfinished npm timer reifyNode:node_modules/typed-array-buffer 1789962599568
1937 silly unfinished npm timer reifyNode:node_modules/type-check 1789962599568
1938 silly unfinished npm timer reifyNode:node_modules/tslib 1789962599568
1939 silly unfinished npm timer reifyNode:node_modules/tsconfig-paths 1789962599568
1940 silly unfinished npm timer reifyNode:node_modules/tsconfig-paths/node_modules/json5 1789962599568
1941 silly unfinished npm timer reifyNode:node_modules/ts-api-utils 1789962599568
1942 silly unfinished npm timer reifyNode:node_modules/to-regex-range 1789962599568
1943 silly unfinished npm timer reifyNode:node_modules/tinyglobby 1789962599568
1944 silly unfinished npm timer reifyNode:node_modules/tinyglobby/node_modules/picomatch 1789962599568
1945 silly unfinished npm timer reifyNode:node_modules/tinyglobby/node_modules/fdir 1789962599568
1946 silly unfinished npm timer reifyNode:node_modules/tapable 1789962599569
1947 silly unfinished npm timer reifyNode:node_modules/tailwindcss 1789962599569
1948 silly unfinished npm timer reifyNode:node_modules/tailwind-merge 1789962599569
1949 silly unfinished npm timer reifyNode:node_modules/supports-preserve-symlinks-flag 1789962599569
1950 silly unfinished npm timer reifyNode:node_modules/supports-color 1789962599569
1951 silly unfinished npm timer reifyNode:node_modules/styled-jsx 1789962599569
1952 silly unfinished npm timer reifyNode:node_modules/strip-json-comments 1789962599569
1953 silly unfinished npm timer reifyNode:node_modules/strip-bom 1789962599569
1954 silly unfinished npm timer reifyNode:node_modules/string.prototype.trimstart 1789962599569
1955 silly unfinished npm timer reifyNode:node_modules/string.prototype.trimend 1789962599569
1956 silly unfinished npm timer reifyNode:node_modules/string.prototype.trim 1789962599569
1957 silly unfinished npm timer reifyNode:node_modules/string.prototype.repeat 1789962599569
1958 silly unfinished npm timer reifyNode:node_modules/string.prototype.matchall 1789962599569
1959 silly unfinished npm timer reifyNode:node_modules/string.prototype.includes 1789962599569
1960 silly unfinished npm timer reifyNode:node_modules/stop-iteration-iterator 1789962599569
1961 silly unfinished npm timer reifyNode:node_modules/stable-hash 1789962599569
1962 silly unfinished npm timer reifyNode:node_modules/source-map-js 1789962599569
1963 silly unfinished npm timer reifyNode:node_modules/side-channel-weakmap 1789962599569
1964 silly unfinished npm timer reifyNode:node_modules/side-channel-map 1789962599569
1965 silly unfinished npm timer reifyNode:node_modules/side-channel-list 1789962599569
1966 silly unfinished npm timer reifyNode:node_modules/side-channel 1789962599569
1967 silly unfinished npm timer reifyNode:node_modules/shebang-regex 1789962599569
1968 silly unfinished npm timer reifyNode:node_modules/shebang-command 1789962599569
1969 silly unfinished npm timer reifyNode:node_modules/set-proto 1789962599569
1970 silly unfinished npm timer reifyNode:node_modules/set-function-name 1789962599569
1971 silly unfinished npm timer reifyNode:node_modules/set-function-length 1789962599569
1972 silly unfinished npm timer reifyNode:node_modules/semver 1789962599569
1973 silly unfinished npm timer reifyNode:node_modules/scheduler 1789962599569
1974 silly unfinished npm timer reifyNode:node_modules/safe-regex-test 1789962599569
1975 silly unfinished npm timer reifyNode:node_modules/safe-push-apply 1789962599569
1976 silly unfinished npm timer reifyNode:node_modules/safe-array-concat 1789962599569
1977 silly unfinished npm timer reifyNode:node_modules/run-parallel 1789962599569
1978 silly unfinished npm timer reifyNode:node_modules/reusify 1789962599569
1979 silly unfinished npm timer reifyNode:node_modules/resolve-pkg-maps 1789962599569
1980 silly unfinished npm timer reifyNode:node_modules/resolve-from 1789962599569
1981 silly unfinished npm timer reifyNode:node_modules/resolve 1789962599569
1982 silly unfinished npm timer reifyNode:node_modules/regexp.prototype.flags 1789962599569
1983 silly unfinished npm timer reifyNode:node_modules/reflect.getprototypeof 1789962599569
1984 silly unfinished npm timer reifyNode:node_modules/react-is 1789962599569
1985 silly unfinished npm timer reifyNode:node_modules/react-dom 1789962599569
1986 silly unfinished npm timer reifyNode:node_modules/react 1789962599569
1987 silly unfinished npm timer reifyNode:node_modules/queue-microtask 1789962599569
1988 silly unfinished npm timer reifyNode:node_modules/punycode 1789962599569
1989 silly unfinished npm timer reifyNode:node_modules/prop-types 1789962599569
1990 silly unfinished npm timer reifyNode:node_modules/prelude-ls 1789962599569
1991 silly unfinished npm timer reifyNode:node_modules/postcss 1789962599569
1992 silly unfinished npm timer reifyNode:node_modules/possible-typed-array-names 1789962599569
1993 silly unfinished npm timer reifyNode:node_modules/playwright-core 1789962599569
1994 silly unfinished npm timer reifyNode:node_modules/playwright 1789962599569
1995 silly unfinished npm timer reifyNode:node_modules/picomatch 1789962599569
1996 silly unfinished npm timer reifyNode:node_modules/picocolors 1789962599569
1997 silly unfinished npm timer reifyNode:node_modules/path-parse 1789962599569
1998 silly unfinished npm timer reifyNode:node_modules/path-key 1789962599569
1999 silly unfinished npm timer reifyNode:node_modules/path-exists 1789962599569
2000 silly unfinished npm timer reifyNode:node_modules/parent-module 1789962599569
2001 silly unfinished npm timer reifyNode:node_modules/p-locate 1789962599569
2002 silly unfinished npm timer reifyNode:node_modules/p-limit 1789962599569
2003 silly unfinished npm timer reifyNode:node_modules/own-keys 1789962599569
2004 silly unfinished npm timer reifyNode:node_modules/optionator 1789962599569
2005 silly unfinished npm timer reifyNode:node_modules/object.values 1789962599569
2006 silly unfinished npm timer reifyNode:node_modules/object.groupby 1789962599569
2007 silly unfinished npm timer reifyNode:node_modules/object.fromentries 1789962599569
2008 silly unfinished npm timer reifyNode:node_modules/object.entries 1789962599569
2009 silly unfinished npm timer reifyNode:node_modules/object.assign 1789962599569
2010 silly unfinished npm timer reifyNode:node_modules/object-keys 1789962599569
2011 silly unfinished npm timer reifyNode:node_modules/object-inspect 1789962599569
2012 silly unfinished npm timer reifyNode:node_modules/object-assign 1789962599569
2013 silly unfinished npm timer reifyNode:node_modules/node-releases 1789962599569
2014 silly unfinished npm timer reifyNode:node_modules/node-exports-info 1789962599569
2015 silly unfinished npm timer reifyNode:node_modules/next 1789962599569
2016 silly unfinished npm timer reifyNode:node_modules/next/node_modules/postcss 1789962599569
2017 silly unfinished npm timer reifyNode:node_modules/natural-compare 1789962599569
2018 silly unfinished npm timer reifyNode:node_modules/napi-postinstall 1789962599569
2019 silly unfinished npm timer reifyNode:node_modules/nanoid 1789962599569
2020 silly unfinished npm timer reifyNode:node_modules/ms 1789962599569
2021 silly unfinished npm timer reifyNode:node_modules/minimist 1789962599569
2022 silly unfinished npm timer reifyNode:node_modules/minimatch 1789962599570
2023 silly unfinished npm timer reifyNode:node_modules/micromatch 1789962599570
2024 silly unfinished npm timer reifyNode:node_modules/merge2 1789962599570
2025 silly unfinished npm timer reifyNode:node_modules/math-intrinsics 1789962599570
2026 silly unfinished npm timer reifyNode:node_modules/magic-string 1789962599570
2027 silly unfinished npm timer reifyNode:node_modules/lru-cache 1789962599570
2028 silly unfinished npm timer reifyNode:node_modules/loose-envify 1789962599570
2029 silly unfinished npm timer reifyNode:node_modules/lodash.merge 1789962599570
2030 silly unfinished npm timer reifyNode:node_modules/locate-path 1789962599570
2031 silly unfinished npm timer reifyNode:node_modules/lightningcss 1789962599570
2032 silly unfinished npm timer reifyNode:node_modules/levn 1789962599570
2033 silly unfinished npm timer reifyNode:node_modules/language-tags 1789962599570
2034 silly unfinished npm timer reifyNode:node_modules/language-subtag-registry 1789962599570
2035 silly unfinished npm timer reifyNode:node_modules/keyv 1789962599570
2036 silly unfinished npm timer reifyNode:node_modules/jsx-ast-utils 1789962599570
2037 silly unfinished npm timer reifyNode:node_modules/json5 1789962599570
2038 silly unfinished npm timer reifyNode:node_modules/json-stable-stringify-without-jsonify 1789962599570
2039 silly unfinished npm timer reifyNode:node_modules/json-schema-traverse 1789962599570
2040 silly unfinished npm timer reifyNode:node_modules/json-buffer 1789962599570
2041 silly unfinished npm timer reifyNode:node_modules/jsesc 1789962599570
2042 silly unfinished npm timer reifyNode:node_modules/js-yaml 1789962599570
2043 silly unfinished npm timer reifyNode:node_modules/js-tokens 1789962599570
2044 silly unfinished npm timer reifyNode:node_modules/jiti 1789962599570
2045 silly unfinished npm timer reifyNode:node_modules/iterator.prototype 1789962599570
2046 silly unfinished npm timer reifyNode:node_modules/isexe 1789962599570
2047 silly unfinished npm timer reifyNode:node_modules/isarray 1789962599570
2048 silly unfinished npm timer reifyNode:node_modules/is-weakset 1789962599570
2049 silly unfinished npm timer reifyNode:node_modules/is-weakref 1789962599570
2050 silly unfinished npm timer reifyNode:node_modules/is-weakmap 1789962599570
2051 silly unfinished npm timer reifyNode:node_modules/is-typed-array 1789962599570
2052 silly unfinished npm timer reifyNode:node_modules/is-symbol 1789962599570
2053 silly unfinished npm timer reifyNode:node_modules/is-string 1789962599570
2054 silly unfinished npm timer reifyNode:node_modules/is-shared-array-buffer 1789962599570
2055 silly unfinished npm timer reifyNode:node_modules/is-set 1789962599570
2056 silly unfinished npm timer reifyNode:node_modules/is-regex 1789962599570
2057 silly unfinished npm timer reifyNode:node_modules/is-number-object 1789962599570
2058 silly unfinished npm timer reifyNode:node_modules/is-number 1789962599570
2059 silly unfinished npm timer reifyNode:node_modules/is-negative-zero 1789962599570
2060 silly unfinished npm timer reifyNode:node_modules/is-map 1789962599570
2061 silly unfinished npm timer reifyNode:node_modules/is-glob 1789962599570
2062 silly unfinished npm timer reifyNode:node_modules/is-generator-function 1789962599570
2063 silly unfinished npm timer reifyNode:node_modules/is-finalizationregistry 1789962599570
2064 silly unfinished npm timer reifyNode:node_modules/is-extglob 1789962599570
2065 silly unfinished npm timer reifyNode:node_modules/is-document.all 1789962599570
2066 silly unfinished npm timer reifyNode:node_modules/is-date-object 1789962599570
2067 silly unfinished npm timer reifyNode:node_modules/is-data-view 1789962599570
2068 silly unfinished npm timer reifyNode:node_modules/is-core-module 1789962599570
2069 silly unfinished npm timer reifyNode:node_modules/is-callable 1789962599570
2070 silly unfinished npm timer reifyNode:node_modules/is-bun-module 1789962599570
2071 silly unfinished npm timer reifyNode:node_modules/is-bun-module/node_modules/semver 1789962599570
2072 silly unfinished npm timer reifyNode:node_modules/is-boolean-object 1789962599570
2073 silly unfinished npm timer reifyNode:node_modules/is-bigint 1789962599570
2074 silly unfinished npm timer reifyNode:node_modules/is-async-function 1789962599570
2075 silly unfinished npm timer reifyNode:node_modules/is-array-buffer 1789962599570
2076 silly unfinished npm timer reifyNode:node_modules/internal-slot 1789962599570
2077 silly unfinished npm timer reifyNode:node_modules/imurmurhash 1789962599570
2078 silly unfinished npm timer reifyNode:node_modules/import-fresh 1789962599570
2079 silly unfinished npm timer reifyNode:node_modules/ignore 1789962599570
2080 silly unfinished npm timer reifyNode:node_modules/hermes-parser 1789962599570
2081 silly unfinished npm timer reifyNode:node_modules/hermes-estree 1789962599570
2082 silly unfinished npm timer reifyNode:node_modules/hasown 1789962599570
2083 silly unfinished npm timer reifyNode:node_modules/has-tostringtag 1789962599570
2084 silly unfinished npm timer reifyNode:node_modules/has-symbols 1789962599570
2085 silly unfinished npm timer reifyNode:node_modules/has-proto 1789962599570
2086 silly unfinished npm timer reifyNode:node_modules/has-property-descriptors 1789962599570
2087 silly unfinished npm timer reifyNode:node_modules/has-flag 1789962599570
2088 silly unfinished npm timer reifyNode:node_modules/has-bigints 1789962599570
2089 silly unfinished npm timer reifyNode:node_modules/graceful-fs 1789962599570
2090 silly unfinished npm timer reifyNode:node_modules/gopd 1789962599571
2091 silly unfinished npm timer reifyNode:node_modules/globalthis 1789962599571
2092 silly unfinished npm timer reifyNode:node_modules/globals 1789962599571
2093 silly unfinished npm timer reifyNode:node_modules/glob-parent 1789962599571
2094 silly unfinished npm timer reifyNode:node_modules/get-tsconfig 1789962599571
2095 silly unfinished npm timer reifyNode:node_modules/get-symbol-description 1789962599571
2096 silly unfinished npm timer reifyNode:node_modules/get-proto 1789962599571
2097 silly unfinished npm timer reifyNode:node_modules/get-intrinsic 1789962599571
2098 silly unfinished npm timer reifyNode:node_modules/gensync 1789962599571
2099 silly unfinished npm timer reifyNode:node_modules/generator-function 1789962599571
2100 silly unfinished npm timer reifyNode:node_modules/functions-have-names 1789962599571
2101 silly unfinished npm timer reifyNode:node_modules/function.prototype.name 1789962599571
2102 silly unfinished npm timer reifyNode:node_modules/function-bind 1789962599571
2103 silly unfinished npm timer reifyNode:node_modules/for-each 1789962599571
2104 silly unfinished npm timer reifyNode:node_modules/flatted 1789962599571
2105 silly unfinished npm timer reifyNode:node_modules/flat-cache 1789962599571
2106 silly unfinished npm timer reifyNode:node_modules/find-up 1789962599571
2107 silly unfinished npm timer reifyNode:node_modules/fill-range 1789962599571
2108 silly unfinished npm timer reifyNode:node_modules/file-entry-cache 1789962599571
2109 silly unfinished npm timer reifyNode:node_modules/fastq 1789962599571
2110 silly unfinished npm timer reifyNode:node_modules/fast-levenshtein 1789962599571
2111 silly unfinished npm timer reifyNode:node_modules/fast-json-stable-stringify 1789962599571
2112 silly unfinished npm timer reifyNode:node_modules/fast-glob 1789962599571
2113 silly unfinished npm timer reifyNode:node_modules/fast-glob/node_modules/glob-parent 1789962599571
2114 silly unfinished npm timer reifyNode:node_modules/fast-deep-equal 1789962599571
2115 silly unfinished npm timer reifyNode:node_modules/esutils 1789962599571
2116 silly unfinished npm timer reifyNode:node_modules/estraverse 1789962599571
2117 silly unfinished npm timer reifyNode:node_modules/esrecurse 1789962599571
2118 silly unfinished npm timer reifyNode:node_modules/esquery 1789962599571
2119 silly unfinished npm timer reifyNode:node_modules/espree 1789962599571
2120 silly unfinished npm timer reifyNode:node_modules/eslint-visitor-keys 1789962599571
2121 silly unfinished npm timer reifyNode:node_modules/eslint-scope 1789962599571
2122 silly unfinished npm timer reifyNode:node_modules/eslint-plugin-react-hooks 1789962599571
2123 silly unfinished npm timer reifyNode:node_modules/eslint-plugin-react 1789962599571
2124 silly unfinished npm timer reifyNode:node_modules/eslint-plugin-jsx-a11y 1789962599571
2125 silly unfinished npm timer reifyNode:node_modules/eslint-plugin-import 1789962599571
2126 silly unfinished npm timer reifyNode:node_modules/eslint-plugin-import/node_modules/debug 1789962599571
2127 silly unfinished npm timer reifyNode:node_modules/eslint-module-utils 1789962599571
2128 silly unfinished npm timer reifyNode:node_modules/eslint-module-utils/node_modules/debug 1789962599571
2129 silly unfinished npm timer reifyNode:node_modules/eslint-import-resolver-typescript 1789962599571
2130 silly unfinished npm timer reifyNode:node_modules/eslint-import-resolver-node 1789962599571
2131 silly unfinished npm timer reifyNode:node_modules/eslint-import-resolver-node/node_modules/debug 1789962599571
2132 silly unfinished npm timer reifyNode:node_modules/eslint-config-next 1789962599571
2133 silly unfinished npm timer reifyNode:node_modules/eslint-config-next/node_modules/globals 1789962599571
2134 silly unfinished npm timer reifyNode:node_modules/eslint 1789962599571
2135 silly unfinished npm timer reifyNode:node_modules/escape-string-regexp 1789962599571
2136 silly unfinished npm timer reifyNode:node_modules/escalade 1789962599571
2137 silly unfinished npm timer reifyNode:node_modules/es-to-primitive 1789962599571
2138 silly unfinished npm timer reifyNode:node_modules/es-shim-unscopables 1789962599571
2139 silly unfinished npm timer reifyNode:node_modules/es-set-tostringtag 1789962599571
2140 silly unfinished npm timer reifyNode:node_modules/es-object-atoms 1789962599571
2141 silly unfinished npm timer reifyNode:node_modules/es-iterator-helpers 1789962599571
2142 silly unfinished npm timer reifyNode:node_modules/es-errors 1789962599571
2143 silly unfinished npm timer reifyNode:node_modules/es-define-property 1789962599571
2144 silly unfinished npm timer reifyNode:node_modules/es-abstract-get 1789962599571
2145 silly unfinished npm timer reifyNode:node_modules/es-abstract 1789962599571
2146 silly unfinished npm timer reifyNode:node_modules/enhanced-resolve 1789962599571
2147 silly unfinished npm timer reifyNode:node_modules/emoji-regex 1789962599571
2148 silly unfinished npm timer reifyNode:node_modules/electron-to-chromium 1789962599571
2149 silly unfinished npm timer reifyNode:node_modules/dunder-proto 1789962599571
2150 silly unfinished npm timer reifyNode:node_modules/doctrine 1789962599571
2151 silly unfinished npm timer reifyNode:node_modules/detect-libc 1789962599571
2152 silly unfinished npm timer reifyNode:node_modules/define-properties 1789962599571
2153 silly unfinished npm timer reifyNode:node_modules/define-data-property 1789962599571
2154 silly unfinished npm timer reifyNode:node_modules/deep-is 1789962599571
2155 silly unfinished npm timer reifyNode:node_modules/debug 1789962599571
2156 silly unfinished npm timer reifyNode:node_modules/data-view-byte-offset 1789962599571
2157 silly unfinished npm timer reifyNode:node_modules/data-view-byte-length 1789962599571
2158 silly unfinished npm timer reifyNode:node_modules/data-view-buffer 1789962599571
2159 silly unfinished npm timer reifyNode:node_modules/damerau-levenshtein 1789962599571
2160 silly unfinished npm timer reifyNode:node_modules/csstype 1789962599571
2161 silly unfinished npm timer reifyNode:node_modules/cross-spawn 1789962599571
2162 silly unfinished npm timer reifyNode:node_modules/convert-source-map 1789962599571
2163 silly unfinished npm timer reifyNode:node_modules/concat-map 1789962599571
2164 silly unfinished npm timer reifyNode:node_modules/color-name 1789962599571
2165 silly unfinished npm timer reifyNode:node_modules/color-convert 1789962599571
2166 silly unfinished npm timer reifyNode:node_modules/clsx 1789962599571
2167 silly unfinished npm timer reifyNode:node_modules/client-only 1789962599571
2168 silly unfinished npm timer reifyNode:node_modules/chalk 1789962599571
2169 silly unfinished npm timer reifyNode:node_modules/caniuse-lite 1789962599571
2170 silly unfinished npm timer reifyNode:node_modules/callsites 1789962599571
2171 silly unfinished npm timer reifyNode:node_modules/call-bound 1789962599571
2172 silly unfinished npm timer reifyNode:node_modules/call-bind-apply-helpers 1789962599572
2173 silly unfinished npm timer reifyNode:node_modules/call-bind 1789962599572
2174 silly unfinished npm timer reifyNode:node_modules/browserslist 1789962599572
2175 silly unfinished npm timer reifyNode:node_modules/braces 1789962599572
2176 silly unfinished npm timer reifyNode:node_modules/brace-expansion 1789962599572
2177 silly unfinished npm timer reifyNode:node_modules/baseline-browser-mapping 1789962599572
2178 silly unfinished npm timer reifyNode:node_modules/balanced-match 1789962599572
2179 silly unfinished npm timer reifyNode:node_modules/axobject-query 1789962599572
2180 silly unfinished npm timer reifyNode:node_modules/axe-core 1789962599572
2181 silly unfinished npm timer reifyNode:node_modules/available-typed-arrays 1789962599572
2182 silly unfinished npm timer reifyNode:node_modules/async-function 1789962599572
2183 silly unfinished npm timer reifyNode:node_modules/ast-types-flow 1789962599572
2184 silly unfinished npm timer reifyNode:node_modules/arraybuffer.prototype.slice 1789962599572
2185 silly unfinished npm timer reifyNode:node_modules/array.prototype.tosorted 1789962599572
2186 silly unfinished npm timer reifyNode:node_modules/array.prototype.flatmap 1789962599572
2187 silly unfinished npm timer reifyNode:node_modules/array.prototype.flat 1789962599572
2188 silly unfinished npm timer reifyNode:node_modules/array.prototype.findlastindex 1789962599572
2189 silly unfinished npm timer reifyNode:node_modules/array.prototype.findlast 1789962599572
2190 silly unfinished npm timer reifyNode:node_modules/array-includes 1789962599572
2191 silly unfinished npm timer reifyNode:node_modules/array-buffer-byte-length 1789962599572
2192 silly unfinished npm timer reifyNode:node_modules/aria-query 1789962599572
2193 silly unfinished npm timer reifyNode:node_modules/argparse 1789962599572
2194 silly unfinished npm timer reifyNode:node_modules/ansi-styles 1789962599572
2195 silly unfinished npm timer reifyNode:node_modules/ajv 1789962599572
2196 silly unfinished npm timer reifyNode:node_modules/acorn-jsx 1789962599572
2197 silly unfinished npm timer reifyNode:node_modules/acorn 1789962599572
2198 silly unfinished npm timer reifyNode:node_modules/@typescript-eslint/visitor-keys 1789962599572
2199 silly unfinished npm timer reifyNode:node_modules/@typescript-eslint/visitor-keys/node_modules/eslint-visitor-keys 1789962599572
2200 silly unfinished npm timer reifyNode:node_modules/@typescript-eslint/utils 1789962599572
2201 silly unfinished npm timer reifyNode:node_modules/@typescript-eslint/typescript-estree 1789962599572
2202 silly unfinished npm timer reifyNode:node_modules/@typescript-eslint/typescript-estree/node_modules/semver 1789962599572
2203 silly unfinished npm timer reifyNode:node_modules/@typescript-eslint/typescript-estree/node_modules/minimatch 1789962599572
2204 silly unfinished npm timer reifyNode:node_modules/@typescript-eslint/typescript-estree/node_modules/brace-expansion 1789962599572
2205 silly unfinished npm timer reifyNode:node_modules/@typescript-eslint/typescript-estree/node_modules/balanced-match 1789962599572
2206 silly unfinished npm timer reifyNode:node_modules/@typescript-eslint/types 1789962599572
2207 silly unfinished npm timer reifyNode:node_modules/@typescript-eslint/type-utils 1789962599572
2208 silly unfinished npm timer reifyNode:node_modules/@typescript-eslint/tsconfig-utils 1789962599572
2209 silly unfinished npm timer reifyNode:node_modules/@typescript-eslint/scope-manager 1789962599572
2210 silly unfinished npm timer reifyNode:node_modules/@typescript-eslint/project-service 1789962599572
2211 silly unfinished npm timer reifyNode:node_modules/@typescript-eslint/parser 1789962599572
2212 silly unfinished npm timer reifyNode:node_modules/@typescript-eslint/eslint-plugin 1789962599572
2213 silly unfinished npm timer reifyNode:node_modules/@typescript-eslint/eslint-plugin/node_modules/ignore 1789962599572
2214 silly unfinished npm timer reifyNode:node_modules/@types/react-dom 1789962599572
2215 silly unfinished npm timer reifyNode:node_modules/@types/react 1789962599572
2216 silly unfinished npm timer reifyNode:node_modules/@types/node 1789962599572
2217 silly unfinished npm timer reifyNode:node_modules/@types/json5 1789962599572
2218 silly unfinished npm timer reifyNode:node_modules/@types/json-schema 1789962599572
2219 silly unfinished npm timer reifyNode:node_modules/@types/estree 1789962599572
2220 silly unfinished npm timer reifyNode:node_modules/@tailwindcss/postcss 1789962599572
2221 silly unfinished npm timer reifyNode:node_modules/@tailwindcss/oxide 1789962599572
2222 silly unfinished npm timer reifyNode:node_modules/@tailwindcss/node 1789962599572
2223 silly unfinished npm timer reifyNode:node_modules/@swc/helpers 1789962599572
2224 silly unfinished npm timer reifyNode:node_modules/@rtsao/scc 1789962599572
2225 silly unfinished npm timer reifyNode:node_modules/@playwright/test 1789962599572
2226 silly unfinished npm timer reifyNode:node_modules/@nolyfill/is-core-module 1789962599572
2227 silly unfinished npm timer reifyNode:node_modules/@nodelib/fs.walk 1789962599572
2228 silly unfinished npm timer reifyNode:node_modules/@nodelib/fs.stat 1789962599572
2229 silly unfinished npm timer reifyNode:node_modules/@nodelib/fs.scandir 1789962599572
2230 silly unfinished npm timer reifyNode:node_modules/@next/eslint-plugin-next 1789962599572
2231 silly unfinished npm timer reifyNode:node_modules/@next/eslint-plugin-next/node_modules/eslint-visitor-keys 1789962599572
2232 silly unfinished npm timer reifyNode:node_modules/@next/eslint-plugin-next/node_modules/@eslint-community/eslint-utils 1789962599572
2233 silly unfinished npm timer reifyNode:node_modules/@next/env 1789962599572
2234 silly unfinished npm timer reifyNode:node_modules/@jridgewell/trace-mapping 1789962599572
2235 silly unfinished npm timer reifyNode:node_modules/@jridgewell/sourcemap-codec 1789962599572
2236 silly unfinished npm timer reifyNode:node_modules/@jridgewell/resolve-uri 1789962599572
2237 silly unfinished npm timer reifyNode:node_modules/@jridgewell/remapping 1789962599572
2238 silly unfinished npm timer reifyNode:node_modules/@jridgewell/gen-mapping 1789962599572
2239 silly unfinished npm timer reifyNode:node_modules/@humanwhocodes/retry 1789962599572
2240 silly unfinished npm timer reifyNode:node_modules/@humanwhocodes/module-importer 1789962599572
2241 silly unfinished npm timer reifyNode:node_modules/@humanfs/types 1789962599572
2242 silly unfinished npm timer reifyNode:node_modules/@humanfs/node 1789962599572
2243 silly unfinished npm timer reifyNode:node_modules/@humanfs/core 1789962599572
2244 silly unfinished npm timer reifyNode:node_modules/@eslint/plugin-kit 1789962599572
2245 silly unfinished npm timer reifyNode:node_modules/@eslint/object-schema 1789962599572
2246 silly unfinished npm timer reifyNode:node_modules/@eslint/js 1789962599572
2247 silly unfinished npm timer reifyNode:node_modules/@eslint/eslintrc 1789962599572
2248 silly unfinished npm timer reifyNode:node_modules/@eslint/core 1789962599572
2249 silly unfinished npm timer reifyNode:node_modules/@eslint/config-helpers 1789962599572
2250 silly unfinished npm timer reifyNode:node_modules/@eslint/config-array 1789962599572
2251 silly unfinished npm timer reifyNode:node_modules/@eslint-community/regexpp 1789962599572
2252 silly unfinished npm timer reifyNode:node_modules/@eslint-community/eslint-utils 1789962599572
2253 silly unfinished npm timer reifyNode:node_modules/@eslint-community/eslint-utils/node_modules/eslint-visitor-keys 1789962599572
2254 silly unfinished npm timer reifyNode:node_modules/@babel/types 1789962599572
2255 silly unfinished npm timer reifyNode:node_modules/@babel/traverse 1789962599573
2256 silly unfinished npm timer reifyNode:node_modules/@babel/template 1789962599573
2257 silly unfinished npm timer reifyNode:node_modules/@babel/parser 1789962599573
2258 silly unfinished npm timer reifyNode:node_modules/@babel/helpers 1789962599573
2259 silly unfinished npm timer reifyNode:node_modules/@babel/helper-validator-option 1789962599573
2260 silly unfinished npm timer reifyNode:node_modules/@babel/helper-validator-identifier 1789962599573
2261 silly unfinished npm timer reifyNode:node_modules/@babel/helper-string-parser 1789962599573
2262 silly unfinished npm timer reifyNode:node_modules/@babel/helper-module-transforms 1789962599573
2263 silly unfinished npm timer reifyNode:node_modules/@babel/helper-module-imports 1789962599573
2264 silly unfinished npm timer reifyNode:node_modules/@babel/helper-globals 1789962599573
2265 silly unfinished npm timer reifyNode:node_modules/@babel/helper-compilation-targets 1789962599573
2266 silly unfinished npm timer reifyNode:node_modules/@babel/generator 1789962599573
2267 silly unfinished npm timer reifyNode:node_modules/@babel/core 1789962599573
2268 silly unfinished npm timer reifyNode:node_modules/@babel/compat-data 1789962599573
2269 silly unfinished npm timer reifyNode:node_modules/@babel/code-frame 1789962599573
2270 silly unfinished npm timer reifyNode:node_modules/@alloc/quick-lru 1789962599573
2271 verbose cwd C:\Valhalla\Repository\stokloka\frontend\landing-page
2272 verbose os Windows_NT 10.0.26200
2273 verbose node v24.19.0
2274 verbose npm  v11.17.0
2275 verbose exit 1
2276 verbose code 1
2277 error A complete log of this run can be found in: C:\Valhalla\Repository\stokloka\frontend\landing-page\.npm-cache\_logs\2026-09-21T03_49_57_289Z-debug-0.log
